mrn,test_name,value,unit,reference_range,collected_on
SVH024821,Hb,11.3,g/dL,12.0-16.0,2 Oct 23
SVH026960,A1C,7.7,%,<5.7,14 Oct 23
SVH025331,A1C,6.2,%,<5.7,17 Oct 23
SVH026465,A1C,7.3,%,<5.7,24 Oct 23
SVH026535,A1C,10.3,%,<5.7,26 Oct 23
SVH026270,Creatinine,1.1,mg/dL,0.6-1.2,12 Nov 23
SVH025313,A1C,7.4,%,<5.7,21 Nov 23
SVH025811,A1C,6.2,%,<5.7,27 Nov 23
SVH025473,TSH,3.32,mIU/L,0.4-4.5,29 Nov 23
SVH025512,A1C,7.6,%,<5.7,1 Dec 23
SVH026167,A1C,8.6,%,<5.7,8 Dec 23
SVH026817,A1C,8.4,%,<5.7,23 Dec 23
SVH026817,Glucose (F),168,mg/dL,70-110,24 Dec 23
SVH026817,Glucose (PP),242,mg/dL,<140,24 Dec 23
SVH027082,A1C,8.3,%,<5.7,29 Dec 23
SVH025562,Total Cholesterol,175,mg/dL,<200,7 Jan 24
SVH025562,TSH,3.42,mIU/L,0.4-4.5,7 Jan 24
SVH026086,A1C,9.5,%,<5.7,11 Jan 24
SVH026193,A1C,6.2,%,<5.7,18 Jan 24
SVH027094,A1C,6.1,%,<5.7,23 Jan 24
SVH026153,A1C,10.0,%,<5.7,16 Feb 24
SVH025339,A1C,6.4,%,<5.7,17 Feb 24
SVH025339,LDL,117,mg/dL,<100,18 Feb 24
SVH026153,Urine Microalbumin,139,mg/L,<30,19 Feb 24
SVH027261,A1C,7.8,%,<5.7,1 Mar 24
SVH027261,Glucose (F),158,mg/dL,70-110,2 Mar 24
SVH027348,A1C,10.2,%,<5.7,8 Mar 24
SVH027355,A1C,8.1,%,<5.7,8 Mar 24
SVH027405,A1C,7.3,%,<5.7,14 Mar 24
SVH024860,A1C,7.8,%,<5.7,27 Mar 24
SVH027510,A1C,8.3,%,<5.7,29 Mar 24
SVH024860,Glucose (F),144,mg/dL,70-110,30 Mar 24
SVH024860,Glucose (PP),206,mg/dL,<140,30 Mar 24
SVH024860,Creatinine,0.6,mg/dL,0.6-1.2,30 Mar 24
SVH027524,Hb,13.7,g/dL,12.0-16.0,31 Mar 24
SVH025548,Creatinine,1.4,mg/dL,0.6-1.2,03/04/2024
SVH024980,Total Cholesterol,248,mg/dL,<200,10/04/2024
SVH024980,TSH,3.70,mIU/L,0.4-4.5,11/04/2024
SVH024980,Creatinine,1.0,,,11/04/2024
SVH026535,HbA1c,10.7,%,4.0-5.6,17/04/2024
SVH026535,FBS,227,mg/dL,70-100,18/04/2024
SVH026535,PPBS,331,mg/dL,<140,18/04/2024
SVH025331,FBS,111,mg/dL,70-100,22/04/2024
SVH025790,Creatinine,0.7,mg/dL,0.6-1.2,23/04/2024
SVH026237,Glycated Hb,52,mmol/mol,20-42,30/04/2024
SVH027648,Platelet Count,3.74,lakh/cumm,1.5-4.5,02/05/2024
SVH027648,Hb,12.7,g/dL,12.0-16.0,02/05/2024
SVH025668,HbA1c,8.0,%,4.0-5.6,18/05/2024
SVH026167,Glycated Hb,75,mmol/mol,20-42,03/06/2024
SVH025376,LDL,165,mg/dL,<100,01/07/2024
SVH025376,Creatinine,0.7,mg/dL,0.6-1.2,01/07/2024
SVH027902,Urine Microalbumin,95,mg/L,<30,02/07/2024
SVH027925,HbA1c,9.3,%,4.0-5.6,03/07/2024
SVH028025,Vitamin B12,375,pg/mL,200-900,09/07/2024
SVH025512,HbA1c,7.6,%,4.0-5.6,14/07/2024
SVH025512,FBS,150,mg/dL,70-100,15/07/2024
SVH027094,HbA1c,6.0,%,4.0-5.6,20/07/2024
SVH027094,FBS,109,mg/dL,70-100,20/07/2024
SVH027094,Creatinine,0.6,mg/dL,0.6-1.2,20/07/2024
SVH027405,FBS,146,mg/dL,70-100,22/07/2024
SVH028117,Total Cholesterol,247,mg/dL,<200,22/07/2024
SVH028117,Fasting Glucose,5.4,mmol/L,3.9-5.5,22/07/2024
SVH028117,Creatinine,1.1,mg/dL,0.6-1.2,23/07/2024
SVH028189,HbA1c,10.0,%,4.0-5.6,31/07/2024
SVH028218,HbA1c,10.8,%,4.0-5.6,11/08/2024
SVH028271,HbA1c,11.2,%,4.0-5.6,14/08/2024
SVH028271,Fasting Glucose,13.2,mmol/L,3.9-5.5,16/08/2024
SVH026960,Creatinine,1.0,mg/dL,0.6-1.2,24/08/2024
SVH028346,HbA1c,6.1,%,4.0-5.6,24/08/2024
SVH028346,FBS,121,mg/dL,70-100,25/08/2024
SVH028346,PPBS,167,mg/dL,<140,25/08/2024
SVH025191,HbA1c,5.0,%,4.0-5.6,27/08/2024
SVH025191,TSH,1.14,mIU/L,0.4-4.5,28/08/2024
SVH028360,Hb,13.2,g/dL,12.0-16.0,31/08/2024
SVH028360,Vitamin B12,415,pg/mL,200-900,31/08/2024
SVH028414,HbA1c,8.6,%,4.0-5.6,02/09/2024
SVH027348,Total Cholesterol,258,mg/dL,<200,03/09/2024
SVH027348,Creatinine,0.8,mg/dL,0.6-1.2,03/09/2024
SVH027348,Hb,14.4,g/dL,12.0-16.0,03/09/2024
SVH026817,HbA1c,7.8,%,4.0-5.6,06/09/2024
SVH028452,HbA1c,6.8,%,4.0-5.6,09/09/2024
SVH027261,Glycated Hb,53,mmol/mol,20-42,14/09/2024
SVH027966,FBS,106,mg/dL,70-100,24/09/2024
SVH025870,HbA1c,8.4,%,4.0-5.6,24/09/2024
SVH026769,Creatinine,1.1,,,26/09/2024
SVH026769,LDL,163,mg/dL,<100,27/09/2024
SVH026535,HbA1c,10.0,%,4.0-5.6,29/09/2024
SVH025313,Glycated Hb,56,mmol/mol,20-42,29/09/2024
SVH026535,FBS,197,mg/dL,70-100,01/10/2024
SVH026535,PPBS,333,mg/dL,<140,01/10/2024
SVH027113,FBS,187,mg/dL,70-100,04/10/2024
SVH027113,PPBS,307,mg/dL,<140,04/10/2024
SVH028068,FBS,98,mg/dL,70-100,07/10/2024
SVH025331,HbA1c,6.8,%,4.0-5.6,13/10/2024
SVH025331,FBS,132,mg/dL,70-100,14/10/2024
SVH025331,PPBS,198,mg/dL,<140,14/10/2024
SVH026237,Glycated Hb,53,mmol/mol,20-42,20/10/2024
SVH027355,HbA1c,8.1,%,4.0-5.6,28/10/2024
SVH027355,FBS,172,mg/dL,70-100,29/10/2024
SVH027355,PPBS,223,mg/dL,<140,29/10/2024
SVH028582,HbA1c,8.1,%,4.0-5.6,31/10/2024
SVH025063,HbA1c,8.3,%,4.0-5.6,05/11/2024
SVH026193,FBS,116,mg/dL,70-100,07/11/2024
SVH028667,Total Cholesterol,232,mg/dL,<200,08/11/2024
SVH028667,Total Cholesterol,232,mg/dL,<200,08/11/2024
SVH028667,LDL,122,mg/dL,<100,09/11/2024
SVH025030,HbA1c,10.0,%,4.0-5.6,10/11/2024
SVH025030,FBS,218,mg/dL,70-100,10/11/2024
SVH025030,PPBS,320,mg/dL,<140,10/11/2024
SVH027925,FBS,197,mg/dL,70-100,12/11/2024
SVH027925,PPBS,296,mg/dL,<140,12/11/2024
SVH028326,FBS,107,mg/dL,70-100,14/11/2024
SVH026167,Glycated Hb,72,mmol/mol,20-42,21/11/2024
SVH028258,HbA1c,8.4,%,4.0-5.6,27/11/2024
SVH028864,HbA1c,5.8,%,4.0-5.6,03/12/2024
SVH027863,HbA1c,8.1,%,4.0-5.6,04/12/2024
SVH028876,HbA1c,5.4,%,4.0-5.6,05/12/2024
SVH028876,TSH,1.18,mIU/L,0.4-4.5,06/12/2024
SVH024860,HbA1c,7.8,%,4.0-5.6,06/12/2024
SVH027863,FBS,169,mg/dL,70-100,07/12/2024
SVH027863,PPBS,223,mg/dL,<140,07/12/2024
SVH025030,TSH,6.29,mIU/L,0.4-4.5,09/12/2024
SVH027405,FBS,132,mg/dL,70-100,22/12/2024
SVH027405,PPBS,221,mg/dL,<140,22/12/2024
SVH025698,Urine Microalbumin,70,mg/L,<30,31/12/2024
SVH028972,HbA1c,9.5,%,4.0-5.6,11/01/2025
SVH029007,HbA1c,7.2,%,4.0-5.6,13/01/2025
SVH029007,FBS,123,mg/dL,70-100,14/01/2025
SVH029007,PPBS,227,mg/dL,<140,14/01/2025
SVH029061,HbA1c,8.5,%,4.0-5.6,16/01/2025
SVH029061,FBS,157,mg/dL,70-100,16/01/2025
SVH029061,PPBS,258,mg/dL,<140,16/01/2025
SVH029061,Creatinine,1.1,mg/dL,0.6-1.2,16/01/2025
SVH024817,Creatinine,1.0,mg/dL,0.6-1.2,18/01/2025
SVH029084,HbA1c,8.3,%,4.0-5.6,22/01/2025
SVH029084,FBS,164,mg/dL,70-100,23/01/2025
SVH029084,PPBS,232,mg/dL,<140,23/01/2025
SVH025855,HbA1c,8.4,%,4.0-5.6,26/01/2025
SVH027094,HbA1c,6.7,%,4.0-5.6,29/01/2025
SVH029107,Urine Microalbumin,96,mg/L,<30,29/01/2025
SVH029145,Creatinine,1.4,mg/dL,0.6-1.2,29/01/2025
SVH029145,LDL,129,mg/dL,<100,29/01/2025
SVH026086,HbA1c,9.5,%,4.0-5.6,30/01/2025
SVH029154,Hb,9.6,g/dL,12.0-16.0,30/01/2025
SVH029154,Vitamin B12,544,pg/mL,200-900,30/01/2025
SVH028218,HbA1c,10.6,%,4.0-5.6,01/02/2025
SVH026960,FBS,169,mg/dL,70-100,05/02/2025
SVH026960,PPBS,227,mg/dL,<140,05/02/2025
SVH026960,Urine Microalbumin,59,mg/L,<30,05/02/2025
SVH025668,HbA1c,8.3,%,4.0-5.6,06/02/2025
SVH029204,FBS,160,mg/dL,70-100,07/02/2025
SVH029204,PPBS,242,mg/dL,<140,07/02/2025
SVH029235,FBS,211,mg/dL,70-100,10/02/2025
SVH029235,PPBS,293,mg/dL,<140,10/02/2025
SVH029235,LDL,130,mg/dL,<100,10/02/2025
SVH029322,HbA1c,8.1,%,4.0-5.6,28/02/2025
SVH029350,Creatinine,0.6,,,28/02/2025
SVH029364,HbA1c,8.1,%,4.0-5.6,01/03/2025
SVH029322,FBS,160,mg/dL,70-100,02/03/2025
SVH029322,PPBS,262,mg/dL,<140,02/03/2025
SVH029373,Hb,15.2,g/dL,12.0-16.0,02/03/2025
SVH029364,LDL,95,mg/dL,<100,03/03/2025
SVH029373,Vitamin B12,280,,,03/03/2025
SVH028452,FBS,126,mg/dL,70-100,04/03/2025
SVH029446,HbA1c,6.5,%,4.0-5.6,07/03/2025
SVH029490,Creatinine,1.1,mg/dL,0.6-1.2,09/03/2025
SVH025473,HbA1c,8.2,%,4.0-5.6,11/03/2025
SVH025512,HbA1c,7.7,%,4.0-5.6,18/03/2025
SVH029528,HbA1c,8.2,%,4.0-5.6,18/03/2025
SVH029528,FBS,176,mg/dL,70-100,20/03/2025
SVH029528,LDL,166,mg/dL,<100,20/03/2025
SVH026535,FBS,210,mg/dL,70-100,25/03/2025
SVH028189,FBS,183,mg/dL,70-100,05/04/2025
SVH028189,PPBS,277,mg/dL,<140,05/04/2025
SVH027405,Creatinine,1.1,mg/dL,0.6-1.2,09/04/2025
SVH025442,HbA1c,6.6,%,4.0-5.6,11/04/2025
SVH027261,HbA1c,7.4,%,4.0-5.6,12/04/2025
SVH027261,FBS,135,mg/dL,70-100,12/04/2025
SVH027261,Post Prandial Glucose,12.1,mmol/L,<7.8,12/04/2025
SVH029597,Glycated Hb,59,mmol/mol,20-42,13/04/2025
SVH029625,HbA1c,7.1,%,4.0-5.6,17/04/2025
SVH028258,HbA1c,8.0,%,4.0-5.6,18/04/2025
SVH029627,TSH,3.58,mIU/L,0.4-4.5,22/04/2025
SVH029627,Hb,10.0,g/dL,12.0-16.0,22/04/2025
SVH029638,HbA1c,6.5,%,4.0-5.6,27/04/2025
SVH029659,HbA1c,6.2,%,4.0-5.6,04/05/2025
SVH029693,HbA1c,5.2,%,4.0-5.6,10/05/2025
SVH029693,TSH,2.26,mIU/L,0.4-4.5,10/05/2025
SVH026389,Hb,14.5,,,10/05/2025
SVH026389,TSH,2.08,mIU/L,0.4-4.5,10/05/2025
SVH026817,HbA1c,8.5,%,4.0-5.6,14/05/2025
SVH026817,Creatinine,0.7,mg/dL,0.6-1.2,14/05/2025
SVH027832,FBS,141,mg/dL,70-100,17/05/2025
SVH027832,Urine Microalbumin,23,mg/L,<30,17/05/2025
SVH029061,HbA1c,8.3,%,4.0-5.6,23/05/2025
SVH029759,Uric Acid,4.5,mg/dL,3.5-7.2,26/05/2025
SVH029759,ESR,10,mm/hr,0-20,26/05/2025
SVH029759,Vitamin D,31.1,ng/mL,30-100,26/05/2025
SVH025280,HbA1c,7.8,%,4.0-5.6,27/05/2025
SVH028319,HbA1c,7.0,%,4.0-5.6,30/05/2025
SVH027355,HbA1c,8.1,%,4.0-5.6,02/06/2025
SVH026237,Vitamin B12,513,pg/mL,200-900,04/06/2025
SVH026237,Hb,13.2,g/dL,12.0-16.0,05/06/2025
SVH029107,LDL,78,mg/dL,<100,11/06/2025
SVH025948,Glycated Hb,67,mmol/mol,20-42,13/06/2025
SVH029767,HbA1c,8.5,%,4.0-5.6,14/06/2025
SVH026702,HbA1c,7.1,%,4.0-5.6,20/06/2025
SVH026702,FBS,135,mg/dL,70-100,20/06/2025
SVH025378,HbA1c,5.3,%,4.0-5.6,29/06/2025
SVH027902,HbA1c,6.5,%,4.0-5.6,29/06/2025
SVH029803,Platelet Count,2.11,lakh/cumm,1.5-4.5,01/07/2025
SVH029803,Hb,10.6,g/dL,12.0-16.0,01/07/2025
SVH025030,FBS,219,mg/dL,70-100,03/07/2025
SVH029826,HbA1c,7.6,%,4.0-5.6,03/07/2025
SVH028463,FBS,164,mg/dL,70-100,06/07/2025
SVH028463,PPBS,252,mg/dL,<140,06/07/2025
SVH025811,HbA1c,5.9,%,4.0-5.6,06/07/2025
SVH026798,HbA1c,8.0,%,4.0-5.6,09/07/2025
SVH029830,HbA1c,8.2,%,4.0-5.6,10/07/2025
SVH029838,HbA1c,10.2,%,4.0-5.6,13/07/2025
SVH027348,HbA1c,10.8,%,4.0-5.6,17/07/2025
SVH024641,FBS,95,mg/dL,70-100,17/07/2025
SVH029873,HbA1c,8.1,%,4.0-5.6,18/07/2025
SVH026960,FBS,148,mg/dL,70-100,23/07/2025
SVH026960,PPBS,198,mg/dL,<140,23/07/2025
SVH028972,FBS,178,mg/dL,70-100,23/07/2025
SVH028972,PPBS,274,mg/dL,<140,23/07/2025
SVH029918,Creatinine,1.2,mg/dL,0.6-1.2,25/07/2025
SVH029597,Fasting Glucose,9.8,mmol/L,3.9-5.5,29/07/2025
SVH028910,FBS,128,mg/dL,70-100,29/07/2025
SVH028910,PPBS,169,mg/dL,<140,29/07/2025
SVH028910,LDL,104,mg/dL,<100,29/07/2025
SVH029597,Glycated Hb,65,mmol/mol,20-42,30/07/2025
SVH028218,LDL,128,mg/dL,<100,01/08/2025
SVH026507,HbA1c,11.2,%,4.0-5.6,02/08/2025
SVH027082,FBS,173,mg/dL,70-100,08/08/2025
SVH027082,PPBS,282,mg/dL,<140,08/08/2025
SVH026542,Hb,12.1,g/dL,12.0-16.0,09/08/2025
SVH026542,Platelet Count,2.76,lakh/cumm,1.5-4.5,09/08/2025
SVH025926,HbA1c,6.1,%,4.0-5.6,12/08/2025
SVH028258,HbA1c,8.7,%,4.0-5.6,12/08/2025
SVH030006,HbA1c,10.2,%,4.0-5.6,18/08/2025
SVH029204,HbA1c,7.6,%,4.0-5.6,18/08/2025
SVH029950,Creatinine,1.3,mg/dL,0.6-1.2,18/08/2025
SVH025934,HbA1c,9.9,%,4.0-5.6,18/08/2025
SVH030006,FBS,215,mg/dL,70-100,19/08/2025
SVH025790,Glycated Hb,68,mmol/mol,20-42,20/08/2025
SVH030076,Creatinine,1.1,mg/dL,0.6-1.2,22/08/2025
SVH030076,LDL,151,mg/dL,<100,23/08/2025
SVH029638,HbA1c,5.7,%,4.0-5.6,28/08/2025
SVH028753,HbA1c,7.0,%,4.0-5.6,30/08/2025
SVH026535,HbA1c,10.4,%,4.0-5.6,01/09/2025
SVH029446,HbA1c,5.8,%,4.0-5.6,03/09/2025
SVH025063,FBS,131,mg/dL,70-100,03/09/2025
SVH025063,PPBS,191,mg/dL,<140,03/09/2025
SVH025442,HbA1c,5.9,%,4.0-5.6,04/09/2025
SVH028667,Hb,15.4,g/dL,12.0-16.0,10/09/2025
SVH028667,Platelet Count,2.60,lakh/cumm,1.5-4.5,10/09/2025
SVH030091,FBS,133,mg/dL,70-100,14/09/2025
SVH025620,Creatinine,1.0,mg/dL,0.6-1.2,14/09/2025
SVH025620,LDL,159,mg/dL,<100,14/09/2025
SVH027966,HbA1c,6.6,%,4.0-5.6,17/09/2025
SVH029235,Vitamin D,24.9,ng/mL,30-100,22/09/2025
SVH029235,ESR,33,mm/hr,0-20,22/09/2025
SVH029235,Uric Acid,8.4,mg/dL,3.5-7.2,22/09/2025
SVH025855,HbA1c,7.9,%,4.0-5.6,24/09/2025
SVH025855,FBS,143,mg/dL,70-100,24/09/2025
SVH025079,Triglycerides,252,mg/dL,<150,29/09/2025
SVH025079,Total Cholesterol,189,mg/dL,<200,29/09/2025
SVH025079,LDL,128,,<100,29/09/2025
SVH030138,HbA1c,10.2,%,4.0-5.6,30/09/2025
SVH028721,FBS,81,mg/dL,70-100,01/10/2025
SVH029061,HbA1c,8.6,%,4.0-5.6,10/10/2025
SVH030161,Glycated Hb,82,mmol/mol,20-42,11/10/2025
SVH029364,HbA1c,8.1,%,4.0-5.6,16/10/2025
SVH029364,Urine Microalbumin,82,mg/L,<30,16/10/2025
SVH026389,Total Cholesterol,208,mg/dL,<200,18/10/2025
SVH027405,FBS,158,mg/dL,70-100,26/10/2025
SVH027405,LDL,124,mg/dL,<100,26/10/2025
SVH025512,FBS,159,mg/dL,70-100,30/10/2025
SVH025512,PPBS,243,mg/dL,<140,30/10/2025
SVH025512,Urine Microalbumin,24,mg/L,<30,30/10/2025
SVH029084,FBS,155,mg/dL,70-100,31/10/2025
SVH030226,HbA1c,7.6,%,4.0-5.6,06/11/2025
SVH030236,FBS,139,mg/dL,70-100,09/11/2025
SVH025620,Creatinine,1.0,mg/dL,0.6-1.2,14/09/2025
SVH030269,Creatinine,0.7,mg/dL,0.6-1.2,09/11/2025
SVH025668,HbA1c,8.0,%,4.0-5.6,10/11/2025
SVH025668,FBS,144,mg/dL,70-100,13/11/2025
SVH025668,Urine Microalbumin,107,,<30,13/11/2025
SVH029659,HbA1c,65,,,17/11/2025
SVH027003,HbA1c,9.1,%,4.0-5.6,17/11/2025
SVH027261,Glycated Hb,56,mmol/mol,20-42,20/11/2025
SVH027596,HbA1c,65,,,21/11/2025
SVH025528,Platelet Count,1.85,lakh/cumm,1.5-4.5,21/11/2025
SVH025528,Hb,12.9,g/dL,12.0-16.0,22/11/2025
SVH027261,LDL,124,mg/dL,<100,23/11/2025
SVH026153,HbA1c,10.1,%,4.0-5.6,24/11/2025
SVH025881,HbA1c,7.4,%,4.0-5.6,25/11/2025
SVH026153,FBS,214,mg/dL,70-100,26/11/2025
SVH026153,PPBS,312,mg/dL,<140,26/11/2025
SVH029610,HbA1c,7.5,%,4.0-5.6,26/11/2025
SVH029610,FBS,148,mg/dL,70-100,27/11/2025
SVH029610,PPBS,217,mg/dL,<140,27/11/2025
SVH025881,Urine Microalbumin,27,mg/L,<30,28/11/2025
SVH026798,HbA1c,7.9,%,4.0-5.6,01/12/2025
SVH029490,HbA1c,6.2,%,4.0-5.6,02/12/2025
SVH028292,Hb,10.9,g/dL,12.0-16.0,04/12/2025
SVH028292,TSH,4.28,mIU/L,0.4-4.5,04/12/2025
SVH028258,HbA1c,10.1,%,4.0-5.6,09/12/2025
SVH028326,HbA1c,5.4,%,4.0-5.6,10/12/2025
SVH030462,Glycated Hb,83,mmol/mol,20-42,10/12/2025
SVH027221,HbA1c,6.8,%,4.0-5.6,11/12/2025
SVH027221,HbA1c,6.8,%,4.0-5.6,11/12/2025
SVH027221,Total Cholesterol,228,mg/dL,<200,11/12/2025
SVH029528,HbA1c,8.3,%,4.0-5.6,11/12/2025
SVH027355,FBS,173,mg/dL,70-100,19/12/2026
SVH029627,Glycated Hb,37,mmol/mol,20-42,20/12/2025
SVH029627,Fasting Glucose,4.6,mmol/L,3.9-5.5,20/12/2025
SVH029627,Total Cholesterol,247,mg/dL,<200,20/12/2025
SVH024742,HbA1c,6.2,%,4.0-5.6,23/12/2025
SVH029830,HbA1c,7.8,%,4.0-5.6,25/12/2025
SVH024560,HbA1c,6.1,%,4.0-5.6,25/12/2025
SVH027902,HbA1c,6.2,%,4.0-5.6,25/12/2025
SVH030487,FBS,119,mg/dL,70-100,25/12/2025
SVH030487,PPBS,203,mg/dL,<140,25/12/2025
SVH027782,Fasting Glucose,6.9,mmol/L,3.9-5.5,28/12/2025
SVH027782,Post Prandial Glucose,9.9,mmol/L,<7.8,28/12/2025
SVH028189,HbA1c,10.3,%,4.0-5.6,31/12/2025
SVH029181,HbA1c,6.5,%,4.0-5.6,02/01/2026
SVH025280,FBS,162,mg/dL,70-100,07/01/2026
SVH030236,HbA1c,8.1,%,4.0-5.6,12/01/2026
SVH029007,HbA1c,7.5,%,4.0-5.6,26/01/2026
SVH029007,FBS,155,mg/dL,70-100,26/01/2026
SVH029007,PPBS,237,mg/dL,<140,26/01/2026
SVH028972,HbA1c,9.2,%,4.0-5.6,30/01/2026
SVH028972,FBS,186,mg/dL,70-100,30/01/2026
SVH028972,LDL,107,mg/dL,<100,30/01/2026
SVH027355,HbA1c,7.3,%,4.0-5.6,31/01/2026
SVH026328,FBS,82,mg/dL,70-100,09/02/2026
SVH026328,TSH,3.96,mIU/L,0.4-4.5,10/02/2026
SVH026507,FBS,243,mg/dL,70-100,10/02/2026
SVH026507,PPBS,370,mg/dL,<140,10/02/2026
SVH029204,FBS,152,mg/dL,70-100,16/02/2026
SVH028117,Platelet Count,2.96,lakh/cumm,1.5-4.5,26/02/2026
SVH030138,HbA1c,7.7,%,4.0-5.6,27/02/2027
SVH029061,FBS,171,mg/dL,70-100,09/03/2026
SVH029061,PPBS,265,mg/dL,<140,09/03/2026
SVH028218,Creatinine,1.0,mg/dL,0.6-1.2,11/03/2026
SVH027113,HbA1c,10.0,%,4.0-5.6,13/03/2026
SVH026702,HbA1c,7.6,%,4.0-5.6,22/03/2026
SVH030554,HbA1c,5.3,%,4.0-5.6,25/03/2026
SVH030554,TSH,6.09,mIU/L,0.4-4.5,26/03/2026
SVH029767,HbA1c,9.0,%,4.0-5.6,13/04/2026
SVH029767,FBS,172,mg/dL,70-100,16/04/2026
SVH029235,HbA1c,10.0,%,4.0-5.6,22/04/2026
SVH030347,HbA1c,7.0,%,4.0-5.6,24/04/2026
SVH029625,HbA1c,68,,,27/04/2026
SVH029625,FBS,126,mg/dL,70-100,28/04/2026
SVH029625,PPBS,199,mg/dL,<140,28/04/2026
SVH028271,TSH,2.99,mIU/L,0.4-4.5,28/04/2026
SVH028271,Hb,14.0,g/dL,12.0-16.0,29/04/2026
SVH025855,HbA1c,9.8,%,4.0-5.6,26/05/2026
SVH028753,HbA1c,6.6,%,4.0-5.6,17/06/2026
SVH028753,FBS,113,mg/dL,70-100,19/06/2026
SVH028753,PPBS,181,mg/dL,<140,19/06/2026
SVH028753,Urine Microalbumin,41,mg/L,<30,19/06/2026
SVH028871,Glycated Hb,36,mmol/mol,20-42,23/06/2026
SVH028871,Fasting Glucose,4.8,mmol/L,3.9-5.5,23/06/2026
SVH028871,Total Cholesterol,160,mg/dL,<200,23/06/2026
SVH028687,Vitamin B12,536,pg/mL,200-900,26/06/2026
SVH028687,Hb,14.4,g/dL,12.0-16.0,27/06/2026
SVH030191,FBS,130,mg/dL,70-100,15/07/2026
SVH030191,PPBS,168,mg/dL,<140,15/07/2026
SVH030191,Creatinine,1.4,,0.6-1.2,15/07/2026
SVH029610,HbA1c,7.1,%,4.0-5.6,20/07/2026
SVH028218,HbA1c,10.3,%,4.0-5.6,23/07/2026
SVH029610,FBS,138,mg/dL,70-100,23/07/2026
SVH029826,Glycated Hb,50,mmol/mol,20-42,30/07/2026
SVH029826,Fasting Glucose,6.5,mmol/L,3.9-5.5,30/07/2026
SVH029918,HbA1c,6.7,%,4.0-5.6,30/07/2026
SVH029918,FBS,138,mg/dL,70-100,31/07/2026
SVH029918,Creatinine,0.8,mg/dL,0.6-1.2,31/07/2026
SVH029084,FBS,161,mg/dL,70-100,02/08/2026
SVH025881,HbA1c,7.7,%,4.0-5.6,07/08/2026
SVH030236,HbA1c,8.4,%,4.0-5.6,09/08/2026
SVH025881,FBS,157,mg/dL,70-100,10/08/2026
SVH025881,PPBS,244,mg/dL,<140,10/08/2026
SVH025934,HbA1c,9.4,%,4.0-5.6,12/08/2026
SVH030091,FBS,132,mg/dL,70-100,15/08/2026
SVH030091,PPBS,207,mg/dL,<140,15/08/2026
SVH030138,FBS,236,mg/dL,70-100,18/08/2026
SVH030138,PPBS,349,mg/dL,<140,18/08/2026
SVH029950,Glycated Hb,51,mmol/mol,20-42,18/08/2026
SVH027161,Total Cholesterol,225,mg/dL,<200,18/08/2026
SVH027003,HbA1c,9.2,%,4.0-5.6,20/08/2026
SVH029204,HbA1c,8.5,%,4.0-5.6,23/08/2026
SVH030309,HbA1c,8.7,%,4.0-5.6,25/08/2026
SVH030309,Urine Microalbumin,25,mg/L,<30,27/08/2026
SVH025881,PPBS,244,mg/dL,<140,10/08/2026
SVH028452,HbA1c,6.4,%,4.0-5.6,27/08/2026
SVH030487,Vitamin B12,186,pg/mL,200-900,27/08/2026
SVH030487,Hb,15.4,g/dL,12.0-16.0,27/08/2026
SVH025948,Fasting Glucose,9.1,mmol/L,3.9-5.5,01/09/2026
SVH026507,HbA1c,10.9,%,4.0-5.6,02/09/2026
SVH029528,HbA1c,8.5,%,4.0-5.6,02/09/2026
SVH025030,HbA1c,9.4,%,4.0-5.6,03/09/2026
SVH025030,FBS,159,mg/dL,70-100,03/09/2026
SVH030487,FBS,130,mg/dL,70-100,03/09/2026
SVH030487,PPBS,195,mg/dL,<140,03/09/2026
SVH030487,LDL,129,mg/dL,<100,03/09/2026
SVH027113,HbA1c,9.4,%,4.0-5.6,03/09/2026
SVH030226,FBS,170,mg/dL,70-100,04/09/2026
SVH030226,PPBS,227,mg/dL,<140,04/09/2026
SVH029490,FBS,113,mg/dL,70-100,10/09/2026
SVH029490,PPBS,187,mg/dL,<140,10/09/2026
SVH026389,Hb,10.3,g/dL,12.0-16.0,11/09/2026
SVH026535,HbA1c,8.9,%,4.0-5.6,16/09/2026
SVH026535,FBS,153,mg/dL,70-100,16/09/2026
SVH026465,HbA1c,8.8,%,4.0-5.6,17/09/2026
SVH026465,FBS,156,mg/dL,70-100,17/09/2026
SVH027161,Platelet Count,3.52,,1.5-4.5,23/09/2026
SVH027161,Hb,13.9,g/dL,12.0-16.0,23/09/2026
SVH026034,Hb,14.2,g/dL,12.0-16.0,24/09/2026
SVH026034,Vitamin B12,572,pg/mL,200-900,24/09/2026
