mrn,name,dob,sex,phone,registered_on
SVH024560,Jayamma Narayanan,1983-06-15,F,9000085008,2016-04-05
SVH024573,Vani N,1970-07-01,F,9000051654,2016-04-07
SVH024601,Bharathi B,1971-03-31,F,9000008765,2016-05-02
SVH024641,Jayamma Naidu,1981-05-13,F,9000001522,2016-06-24
SVH024681,Chaitra Achar,1985-05-05,F,9000069232,2016-07-28
SVH024714,Veeresh Krishnan,1971-05-27,M,9000003984,2016-08-26
SVH024742,Shabana Hussain,1973-11-01,F,9000081211,2016-09-23
SVH024767,Indira B Bhandary,1972-10-15,F,9000040158,2016-10-18
SVH024791,Dinesh Murthy,1992-10-22,M,,2016-11-28
SVH024812,Harish Bhat,1960-01-20,M,9000034605,2017-02-15
SVH024817,Renuka Prabhu,1980-04-14,F,9000052146,2017-02-19
SVH024821,Srinivas Prabhu,1983-11-27,M,9000049595,2017-03-03
SVH024860,Sudha Iyengar,1972-09-20,F,9000026807,2017-05-15
SVH024901,Elizabeth Mascarenhas,1973-07-25,F,9000067282,2017-05-15
SVH024913,Murugan Bangera,1996-04-23,M,9000019396,2017-05-23
SVH024950,Savitha M Kotian,2001-08-15,F,9000008182,2017-07-12
SVH024980,Chandrashekar Kattimani,1947-06-06,M,9000091713,2017-07-20
SVH024989,A. Devaraj,1985-04-02,M,9000040354,2017-08-12
SVH025030,N. Anitha,1968-11-28,F,9000076203,2017-08-27
SVH025063,Ganesh Iyengar,1958-02-21,M,,2017-10-07
SVH025079,A. Vidya,1986-09-13,F,9000040369,2017-10-26
SVH025096,J. Arun,1999-03-08,M,9000071910,2017-11-10
SVH025125,Syed Qureshi,2011-06-24,M,9000061227,2017-11-21
SVH025157,Ravi Kumar,1997-05-22,M,9000022321,2017-12-20
SVH025191,Nasreen P Sait,1996-04-06,F,9000090009,2017-12-25
SVH025223,Amit Shah,1975-12-28,M,9000065875,2018-02-25
SVH025237,Anil Prabhu,2004-06-17,M,9000034410,2018-04-29
SVH025256,Senthil Naik,1999-04-20,M,9000084655,2018-05-28
SVH025280,Javed Ali,1963-12-17,M,9000062690,2018-06-30
SVH025313,Yogesh Raman,1956-02-18,M,9000018550,2018-07-08
SVH025331,P. Mansoor,1982-06-07,M,9000027538,2018-09-15
SVH025339,D. Rosy,1949-01-10,F,9000088475,2018-10-15
SVH025344,Shanthi Nayak,1987-10-22,F,9000011619,2018-11-04
SVH025360,Kiran Tiwari,2000-12-01,F,9000053293,2018-11-07
SVH025376,Karthik Naidu,1944-01-23,M,9000082604,2018-11-10
SVH025378,Gracy F,2000-03-02,F,9000006353,2018-11-20
SVH025382,Guruprasad Acharya,1972-12-17,M,9000059060,2018-11-22
SVH025407,Veena Mudaliar,1965-03-28,F,9000028173,2018-12-11
SVH025442,P. Mary,1970-11-20,F,9000061639,2019-01-13
SVH025454,Shabana Baig,1961-05-26,F,9000069387,2019-01-26
SVH025473,Md. Rafiq,1976-08-02,M,9000037901,2019-02-03
SVH025512,Anitha Babu,1953-09-22,F,9000053077,2019-03-16
SVH025528,Aishwarya Achar,1995-08-01,F,9000030613,2019-04-17
SVH025548,Nitin Shah,1982-09-27,M,9000013243,2019-04-19
SVH025562,K. Shwetha,1953-07-05,F,9000096831,2019-05-01
SVH025595,Sunitha S,1992-04-27,F,9000024364,2019-06-14
SVH025620,Rangaswamy Biradar,1950-08-22,M,9000076738,2019-07-10
SVH025658,Shankar Subramaniam,1960-11-27,M,9000064498,2019-07-21
SVH025668,Umesh Biradar,1987-03-07,M,9000055509,2019-07-28
SVH025698,Joseph Philip,1962-12-08,M,9000006551,2019-09-21
SVH025730,Meena M,2011-10-19,F,9000030707,2019-11-01
SVH025751,Mohammed Ahmed,1984-11-25,M,9000050367,2019-11-01
SVH025790,Anusha Biradar,1972-06-13,F,9000086882,2020-02-02
SVH025811,Sheeba D,1979-08-11,F,9000000650,2020-02-07
SVH025828,Lalitha A,1972-07-12,F,9000026775,2020-04-13
SVH025855,Venkatesh Salian,1966-06-13,M,9000085680,2020-04-14
SVH025870,Shanthi Subramaniam,2010-01-08,F,9000061267,2020-06-15
SVH025881,Salma Shaikh,1956-11-14,F,9000026255,2020-06-19
SVH025913,Mohammed Pasha,1943-10-03,M,9000075658,2020-07-09
SVH025926,Shaheen Sait,1986-11-21,F,9000062374,2020-07-21
SVH025934,Meghana Upadhyaya,1961-08-20,F,9000065487,2020-09-11
SVH025948,Raghavendra K Biradar,1967-10-13,M,9000024579,2020-09-16
SVH025963,Praveen Pai,1992-09-25,M,9000070098,2020-10-08
SVH025978,A. Shaheen,1949-03-30,F,9000088759,2020-11-06
SVH026013,Sunita Gupta,1967-01-25,F,9000045915,2020-11-10
SVH026034,Rangaswamy Raman,1984-01-03,M,9000036149,2020-11-15
SVH026057,Veeresh Mudaliar,1943-11-16,M,9000018314,2020-11-28
SVH026086,Narayana Moolya,1945-10-02,M,9000062470,2020-12-17
SVH026093,Bhaskar Naidu,1950-01-15,M,9000021424,2020-12-24
SVH026131,Nagamma Pandian,1985-09-09,F,9000055319,2021-02-07
SVH026153,Raghavendra Acharya,1958-06-17,M,9000029782,2021-03-29
SVH026167,Revathi Pandian,1974-10-08,F,9000043929,2021-05-11
SVH026193,Srinivas I,1971-01-04,M,9000059812,2021-05-13
SVH026234,Mahesh Hiremath,1947-04-01,M,9000016352,2021-05-22
SVH026237,M. Bharathi,1968-01-05,F,9000078534,2021-09-18
SVH026256,Lakshmi S,1946-01-21,F,9000000626,2021-09-20
SVH026270,Naveen Biradar,1962-04-25,M,9000091844,2021-09-22
SVH026308,Guruprasad Pillai,2020-01-31,M,9000045221,2021-10-05
SVH026328,Shanthi Bangera,1960-06-08,F,9000004208,2021-10-30
SVH026336,Arun P,1971-04-26,M,9000001270,2021-11-12
SVH026350,Ganesh Upadhyaya,2002-10-19,M,9000084140,2021-11-12
SVH026389,Vidya Poojary,1974-09-28,F,9000016183,2021-11-22
SVH026410,Ayesha P Ali,2018-11-15,F,9000058100,2021-12-07
SVH026433,Annamma F,1979-04-27,F,9000020083,2021-12-11
SVH026465,Roopa Raman,1964-01-01,F,9000056213,2021-12-16
SVH026467,H. Syed,1974-07-02,M,9000048102,2022-01-21
SVH026507,J. Balaji,1980-03-27,M,9000025162,2022-01-25
SVH026512,Vimala R,1955-12-25,F,9000097828,2022-03-21
SVH026535,Chaitra Moolya,1967-09-02,F,9000010222,2022-04-13
SVH026542,Swathi T Pai,2009-08-10,F,9000026385,2022-07-07
SVH026555,Mohan Naidu,2015-03-09,M,9000078445,2022-07-16
SVH026562,Ramesh Pai,2010-03-27,M,9000059368,2022-07-24
SVH026593,Noorjahan Mulla,1955-10-01,F,,2022-09-12
SVH026634,Nandini Gowda,2005-08-17,F,9000007436,2022-11-19
SVH026662,Sebastian M Rodrigues,2008-02-18,M,9000099954,2022-11-24
SVH026669,Rajesh Nair,1989-07-20,M,9000090131,2022-12-12
SVH026702,B. Vasantha,1969-06-03,F,9000057049,2022-12-14
SVH026737,Ganesh Desai,2021-06-16,M,9000060867,2023-03-04
SVH026769,Fathima Mulla,1977-07-07,F,9000016031,2023-04-14
SVH026798,Subramanian G Kattimani,1966-02-04,M,9000056823,2023-05-19
SVH026808,Mohammed Mulla,1970-08-02,M,9000046062,2023-06-06
SVH026817,B. Vimala,1983-05-01,F,9000073115,2023-07-28
SVH026843,Sunita Verma,1983-06-10,F,9000067292,2023-08-03
SVH026854,Rashmi M,1981-04-14,F,9000073178,2023-08-09
SVH026872,Dinesh Joshi,1987-11-11,M,9000062528,2023-08-25
SVH026899,B. Murugan,1946-03-21,M,9000062023,2023-09-03
SVH026927,Rathnamma Salian,1980-03-31,F,9000034715,2023-09-08
SVH026960,Ramesh Kotian,1965-08-30,M,9000072809,2023-10-14
SVH027000,A. Farzana,1990-12-21,F,9000090725,2023-10-24
SVH027003,Renuka Iyengar,1951-03-08,F,9000075588,2023-11-09
SVH027018,S. Aishwarya,2007-09-08,F,9000011690,2023-11-23
SVH027034,L. Annamma,1962-05-15,F,9000031492,2023-12-04
SVH027060,Rita Banerjee,1957-07-31,F,9000059590,2023-12-19
SVH027082,Padmavathi Reddy,1959-05-25,F,9000040001,2023-12-29
SVH027094,Rashmi G Menon,1985-11-03,F,9000057188,2024-01-23
SVH027113,Kiran Selvam,1979-09-05,M,9000024733,2024-01-25
SVH027147,Vimala Kurup,2023-09-13,F,9000060542,2024-01-25
SVH027161,Abdul Ali,1973-10-21,M,9000058736,2024-02-19
SVH027200,Venkatesh H,1942-03-16,M,9000012790,2024-02-20
SVH027207,Rakesh B Tiwari,1992-08-09,M,9000038412,2024-02-26
SVH027221,S. Rathnamma,1964-10-30,F,9000052915,2024-02-28
SVH027261,Sumathi Narayanan,1976-12-08,F,9000016026,2024-03-01
SVH027286,N. Hanumantha,1989-11-04,M,9000077011,2024-03-01
SVH027311,Abdul Baig,1980-07-14,M,9000056674,2024-03-03
SVH027322,Ramesh Mudaliar,1981-04-16,M,9000028954,2024-03-06
SVH027348,Annamma Lobo,1984-10-05,F,9000093662,2024-03-08
SVH027355,Krishnamurthy Kattimani,1976-09-03,M,9000006659,2024-03-08
SVH027376,M. Lissy,1994-11-18,F,9000036822,2024-03-09
SVH027405,Lakshmi Devi,1986-08-04,F,9000079394,2024-03-14
SVH027431,Ashok Salian,1964-10-06,M,9000073233,2024-03-14
SVH027438,K. Priya,1986-06-07,F,9000095535,2024-03-15
SVH027453,George L,2000-01-05,M,9000050723,2024-03-20
SVH027485,Vidya Kamath,1984-02-17,F,9000096108,2024-03-21
SVH027496,Kamala Kulkarni,1970-12-04,F,9000021453,2024-03-24
SVH027510,Aishwarya P Salian,1967-01-22,F,9000061726,2024-03-29
SVH027524,Santosh P,2013-12-02,M,9000081353,2024-03-31
SVH027526,Lalitha Bangera,1987-04-11,F,9000076908,2024-04-20
SVH027547,Manjula G Rao,1976-06-05,F,9000072423,2024-04-23
SVH027560,Tara Naidu,1978-12-27,F,9000087643,2024-04-24
SVH027596,Tejas Iyengar,1961-01-07,M,9000097265,2024-04-27
SVH027610,Saraswathi H Kulkarni,2023-11-07,F,9000067084,2024-04-27
SVH027634,Ramesh Deshpande,1942-04-16,M,9000069537,2024-05-01
SVH027645,Darshan A,2016-06-04,M,9000065882,2024-05-02
SVH027648,Vidya B,1960-10-03,F,,2024-05-02
SVH027656,Sudhakar Subramaniam,1947-12-02,M,9000064154,2024-05-08
SVH027690,Darshan Mudaliar,1984-02-23,M,9000078515,2024-05-22
SVH027708,B. Bharathi,1997-01-27,F,9000046113,2024-05-22
SVH027715,Basavaraj K,1961-04-28,M,9000005237,2024-06-09
SVH027741,Irfan Ali,1945-12-05,M,9000006127,2024-06-12
SVH027782,U. Harish,1966-03-14,M,9000033260,2024-06-14
SVH027791,Thomas R,1967-08-25,M,9000007837,2024-06-18
SVH027823,K. Lalitha,1972-12-19,F,9000038211,2024-06-20
SVH027832,Subramanian Angadi,2025-08-20,M,9000043812,2024-06-25
SVH027863,Joseph Dsouza,1977-08-08,M,9000098302,2024-06-26
SVH027902,Karthik Moolya,1985-04-17,M,9000084330,2024-07-02
SVH027925,Shivakumar,1967-08-18,M,9000053186,2024-07-03
SVH027966,Yashoda Naidu,1996-09-14,F,9000052292,2024-07-04
SVH027999,Geetha Kattimani,1953-07-12,F,9000001489,2024-07-08
SVH028025,Asha Nayak,1944-09-22,F,9000076227,2024-07-09
SVH028039,Mangala Nair,1967-10-19,F,9000069805,2024-07-11
SVH028068,Gowramma Acharya,1993-06-17,F,9000012025,2024-07-19
SVH028096,Mansoor Ahmed,1980-08-09,M,9000052010,2024-07-19
SVH028104,Shivakumar Biradar,1975-04-17,M,9000002318,2024-07-21
SVH028117,Anusha C Kulkarni,1990-02-15,F,9000070324,2024-07-22
SVH028152,Sunitha Rao,1982-09-01,F,9000041359,2024-07-25
SVH028189,Rekha Patil,1986-10-25,F,9000083047,2024-07-31
SVH028194,Rajesh Narayanan,1963-05-25,M,9000030475,2024-08-07
SVH028218,Lakshmi Devi,1975-12-28,F,9000071078,2024-08-11
SVH028258,Satish Krishnan,2014-11-10,M,9000010919,2024-08-14
SVH028271,Rashmi Bhat,1986-07-15,F,9000004570,2024-08-14
SVH028292,Lalitha Babu,1992-11-24,F,9000018205,2024-08-17
SVH028319,Geetha Gowda,1952-07-14,F,,2024-08-18
SVH028326,Uma Chettiar,1999-07-14,F,9000042855,2024-08-23
SVH028346,Madhusudan B Pillai,1974-10-30,M,9000014134,2024-08-24
SVH028360,Sneha G Moolya,1969-02-14,F,9000013125,2024-08-31
SVH028388,Antony Pinto,1994-06-04,M,9000067777,2024-09-01
SVH028414,Mohan Hiremath,1986-12-16,M,,2024-09-02
SVH028444,K. Harish,1953-06-24,M,9000004790,2024-09-07
SVH028452,Meena Hegde,1969-12-28,F,9000086957,2024-09-09
SVH028463,Asif Mulla,1962-09-29,M,9000032917,2024-09-13
SVH028477,Anusha Iyer,2003-10-13,F,9000044736,2024-09-13
SVH028517,Shabana Ali,2006-01-02,F,9000086972,2024-10-09
SVH028537,Praveen Reddy,1973-02-05,M,9000084521,2024-10-09
SVH028557,Devaraj Joshi,1954-01-29,M,9000094990,2024-10-12
SVH028561,Pooja Shenoy,1982-12-14,F,9000008394,2024-10-28
SVH028582,Chaitra Gowda,1973-03-14,F,9000001353,2024-10-31
SVH028604,Manjunath A,1949-12-07,M,9000017966,2024-11-03
SVH028639,Girish Menon,2022-07-06,M,9000057572,2024-11-07
SVH028667,Anand P,1959-04-02,M,9000075843,2024-11-08
SVH028687,Tejas Pandian,1952-04-30,M,9000092602,2024-11-13
SVH028721,Darshan Mallya,1971-06-03,M,9000014457,2024-11-17
SVH028753,Vimala P,1979-01-23,F,9000076361,2024-11-20
SVH028778,Veena Bhandary,2012-04-02,F,9000017382,2024-11-21
SVH028812,Rohit Agarwal,1996-06-22,M,9000063702,2024-11-24
SVH028825,Bhaskar Raj,1997-07-31,M,9000038298,2024-11-24
SVH028864,Nitin Gupta,1971-03-14,M,9000076096,2024-11-25
SVH028871,Kalpana Reddy,1972-03-03,F,9000032435,2024-11-30
SVH028876,Lissy R Rodrigues,2002-03-21,F,9000030230,2024-12-05
SVH028894,Jessy S Varghese,1946-05-05,F,9000074580,2024-12-07
SVH028910,R. Bhavya,1967-05-20,F,9000040493,2024-12-15
SVH028938,Guruprasad Kurup,2005-11-14,M,9000071709,2024-12-26
SVH028965,S. Ramya,1988-07-03,F,9000076504,2025-01-09
SVH028972,Usha R,1980-05-17,F,9000097253,2025-01-11
SVH029007,Chetan P,1981-07-20,M,9000007841,2025-01-13
SVH029034,Vikas Jain,1942-06-18,M,9000015994,2025-01-13
SVH029061,Ramesh Bangera,1958-07-20,M,9000027106,2025-01-16
SVH029075,K. Siddappa,1956-03-16,M,9000009062,2025-01-21
SVH029084,Meena P,1947-04-04,F,9000043929,2025-01-22
SVH029107,Shivakumar H M,1967-08-18,M,9000053186,2025-01-29
SVH029145,Nazeer Khan,1947-10-27,M,9000018778,2025-01-29
SVH029154,Satish Bhat,1974-09-24,M,9000097799,2025-01-30
SVH029181,Ravi Kumar,1970-04-01,M,9000015550,2025-01-31
SVH029204,Vimala Mallya,1980-08-02,F,9000099583,2025-02-07
SVH029212,Renuka B Krishnan,2016-09-23,F,9000000136,2025-02-09
SVH029235,Subramanian Chettiar,1977-06-11,M,9000017513,2025-02-10
SVH029268,Vani Pillai,1997-09-15,F,9000095674,2025-02-12
SVH029287,Anusha P Upadhyaya,2020-08-25,F,9000082165,2025-02-18
SVH029322,Joseph D'Souza,1977-08-08,M,9000098302,2025-02-28
SVH029350,Revathi S Mallya,1964-07-30,F,9000064114,2025-02-28
SVH029364,Sunitha Rao,1967-11-21,F,9000063623,2025-03-01
SVH029373,Anjali Agarwal,1989-07-10,F,9000019422,2025-03-02
SVH029411,Ajay G Jain,2007-12-29,M,9000078420,2025-03-05
SVH029446,Shwetha Joshi,1973-04-27,F,9000075894,2025-03-07
SVH029481,Nasreen A Ali,2017-03-28,F,9000090725,2025-03-07
SVH029490,Rita Sharma,1978-02-10,F,9000066149,2025-03-09
SVH029497,Satish Pillai,2012-04-29,M,9000045066,2025-03-13
SVH029513,Puttaswamy K,1977-11-17,M,9000097790,2025-03-16
SVH029528,Jacob Fernandes,1960-06-03,M,9000092923,2025-03-18
SVH029560,K. Keerthana,2017-12-04,F,9000041455,2025-03-28
SVH029597,Gowramma Angadi,1967-02-18,F,9000052640,2025-04-12
SVH029610,D. Chandrashekar,1964-11-22,M,9000099474,2025-04-16
SVH029625,Vasantha Pillai,1981-01-03,F,9000036626,2025-04-17
SVH029627,A. Vimala,1993-10-23,F,9000094513,2025-04-22
SVH029638,Bhaskar S Bhat,1983-04-27,M,9000083067,2025-04-27
SVH029659,Santosh Biradar,1969-07-07,M,9000054684,2025-05-04
SVH029693,Shalini Das,1996-10-18,F,9000026174,2025-05-10
SVH029714,Murugan P,1977-11-30,M,9000093738,2025-05-17
SVH029751,Mansoor Shaikh,1952-12-07,M,9000030778,2025-05-22
SVH029759,Indira S Hegde,1974-07-06,F,9000052214,2025-05-26
SVH029767,K. Madhusudan,1986-05-22,M,9000080570,2025-06-14
SVH029789,Lakshmi U,1997-01-26,F,9000006012,2025-06-15
SVH029803,Senthil Pillai,1980-09-18,M,9000026290,2025-07-01
SVH029826,Manjula D,1978-10-23,F,9000070781,2025-07-03
SVH029830,Subramanian Kumar,1972-04-14,M,9000083820,2025-07-09
SVH029838,Ganesh Bhandary,2013-09-11,M,9000012150,2025-07-13
SVH029840,D. Pooja,1978-03-23,F,9000088978,2025-07-16
SVH029873,Mohammed Rafiq,1976-08-02,M,9000037901,2025-07-18
SVH029881,Shankar N,1991-04-30,M,9000066972,2025-07-19
SVH029918,Rajesh Chettiar,1952-02-10,M,9000021223,2025-07-25
SVH029950,K. Murugan,1982-06-06,M,9000055737,2025-08-06
SVH029984,Chaitra Joshi,1946-12-14,F,9000098431,2025-08-16
SVH030006,Dinesh Poojary,1967-02-24,M,9000026212,2025-08-18
SVH030047,Sujatha Pillai,2016-09-21,F,9000028001,2025-08-19
SVH030076,Chandrashekar Biradar,1977-01-02,M,,2025-08-22
SVH030091,Narayana Iyer,1977-10-31,M,9000044235,2025-09-14
SVH030098,Rohit G,2018-03-19,M,9000093984,2025-09-15
SVH030115,Anil Nayak,2024-12-19,M,9000044722,2025-09-20
SVH030117,Mathew Fernandes,2015-10-27,M,9000097358,2025-09-26
SVH030138,Senthil Prabhu,1970-04-13,M,9000022854,2025-09-30
SVH030161,Pooja R,1986-04-22,F,9000059793,2025-10-11
SVH030189,Gowramma R,1978-06-01,F,,2025-10-18
SVH030191,Savitha Biradar,1973-01-05,F,9000020218,2025-11-06
SVH030226,Mangala N Deshpande,1964-12-08,F,9000005827,2025-11-06
SVH030236,Kamala H,1958-11-05,F,9000069497,2025-11-09
SVH030269,Neha C,1995-11-12,F,9000035006,2025-11-09
SVH030293,Rakesh R Banerjee,1949-07-31,M,9000077685,2025-11-14
SVH030309,Satish Shetty,1950-05-23,M,9000054041,2025-11-17
SVH030325,Rohit Shah,1974-07-12,M,9000005665,2025-11-21
SVH030327,Nazeer A,1977-09-17,M,9000090725,2025-11-27
SVH030347,Pradeep Achar,1971-04-21,M,9000025636,2025-11-27
SVH030371,Bhavya Biradar,2024-10-05,F,9000060313,2025-12-06
SVH030381,K. Flavia,1980-02-10,F,9000049048,2025-12-07
SVH030403,Rekha Raman,1979-06-20,F,9000025667,2025-12-07
SVH030442,Vimala Shetty,1952-05-28,F,9000068043,2025-12-07
SVH030462,Kiran Verma,1968-10-03,F,9000016883,2025-12-10
SVH030464,Praveen G Nair,1962-01-28,M,9000015709,2025-12-17
SVH030471,N. Ashok,1981-01-22,M,9000059133,2025-12-18
SVH030483,Kiran N,1993-09-08,M,9000009129,2025-12-23
SVH030487,Manjunath D,1987-11-01,M,9000029104,2025-12-25
SVH030489,K. Santosh,1984-07-19,M,9000064699,2025-12-27
SVH030514,Subramanian Shenoy,1957-08-11,M,9000005936,2026-02-02
SVH030550,Padma Desai,2017-04-16,F,9000016522,2026-03-10
SVH030554,Uma Moolya,2000-03-03,F,9000039973,2026-03-25
SVH030561,Chetan Kurup,1950-02-25,M,9000056325,2026-04-18
SVH030581,Satish Angadi,1976-09-01,M,9000050094,2026-05-05
SVH030585,Ravi Shetty,2006-09-06,M,9000098152,2026-05-19
SVH030620,Uma Bangera,2019-07-05,F,9000064410,2026-05-19
SVH030654,Ajay Mishra,1957-04-23,M,9000058067,2026-05-28
SVH030661,Chandrashekar Subramaniam,1963-10-08,M,9000094445,2026-06-18
SVH030672,Neha Tiwari,2025-04-15,F,9000085428,2026-06-20
SVH030711,Shanthi Biradar,2003-03-13,F,9000043929,2026-07-10
SVH030744,Ramya K,1991-11-06,F,9000064845,2026-07-10
SVH030754,Salma Mulla,2024-07-14,F,9000046705,2026-07-22
SVH030772,Padma Reddy,1959-05-25,F,9000040001,2026-07-27
SVH030783,Ayesha Mulla,1967-02-04,F,9000032917,2026-08-08
SVH030790,Sharada Kamath,1993-04-03,F,9000008400,2026-08-23
SVH030795,Chetan V Iyer,2000-02-01,M,9000092776,2026-09-03
SVH030828,Mary Rodrigues,2009-10-31,F,9000027081,2026-09-19
SVH030861,Antony Fernandes,1976-06-10,M,9000081270,2026-09-21
SVH030869,Nazeer Mulla,1996-01-18,M,9000032917,2026-09-29
