mrn,visit_id,drug,dose,prescribed_on
SVH025454,V041941,Olopatadine eye drops,1 drop BD,2023-10-02
SVH024641,V041945,Luliconazole cream,LA OD x 4 wks,2023-10-12
SVH024641,V041945,Itraconazole,100 mg BD x 14 days,2023-10-12
SVH026960,V041950,Tab. Vildagliptin,50 mg BD,2023-10-15
SVH026669,V041952,Naproxen,250 mg SOS,2023-10-16
SVH025331,V041954,Tab. Metformin SR,1000 mg OD,2023-10-19
SVH025331,V041954,Tab. Glimepiride,1 mg OD,2023-10-19
SVH024812,V041955,Tab. Ibuprofen,400 mg TDS x 5 days,2023-10-19
SVH026808,V041957,Permethrin 5% lotion,"apply overnight, repeat after 1 wk",2023-10-20
SVH025454,V041958,Tab. Aceclofenac + Paracetamol,1 tab BD x 5 days,2023-10-22
SVH026465,V041961,Human Mixtard 30/70,18 U - 0 - 10 U,2023-10-24
SVH026465,V041961,Telmisartan,40 mg OD,2023-10-24
SVH026798,V041965,Tab. Ibuprofen,400 mg TDS x 5 days,2023-10-25
SVH024989,V041967,Azithromycin,500 mg OD x 3 days,2023-10-26
SVH024989,V041967,Syp Ambroxol,10 ml TDS,2023-10-26
SVH026535,V041969,T. Metformin SR,1000 mg OD,2023-10-29
SVH026535,V041969,T. Glimepiride,1 mg OD,2023-10-29
SVH025730,V041972,Prednisolone,30 mg OD x 5 days,2023-10-29
SVH025730,V041972,Budesonide-Formoterol inhaler,2 puffs BD,2023-10-29
SVH026899,V041982,Diclofenac gel,LA TDS,2023-11-09
SVH026899,V041982,Tab. Aceclofenac,100 mg BD x 5 days,2023-11-09
SVH026270,V041985,Telmisartan,40 mg OD,2023-11-12
SVH025313,V041992,Metformin,1 g BD,2023-11-22
SVH025811,V042002,Metformin,850 mg BD,2023-11-28
SVH025811,V042002,Dapagliflozin,10 mg OD,2023-11-28
SVH025811,V042002,Atorvastatin,10 mg HS,2023-11-28
SVH025512,V042005,T. Metformin,500 mg BD,2023-12-01
SVH026167,V042010,Metformin,500 mg BD,2023-12-08
SVH026167,V042010,Sitagliptin,100 mg OD,2023-12-08
SVH025913,V042014,Tab. Aceclofenac,100 mg BD x 5 days,2023-12-17
SVH026817,V042017,Glimepiride,2 mg OD,2023-12-24
SVH026593,V042021,T. Amlodipine,5 mg OD,2023-12-27
SVH027082,V042024,Metformin SR,1000 mg OD,2023-12-29
SVH027082,V042024,Glimepiride,1 mg OD,2023-12-29
SVH027082,V042024,Telmisartan,40 mg OD,2023-12-29
SVH026086,V042033,T. Glimepiride + Metformin,2/500 mg BD,2024-01-13
SVH026193,V042037,T. Metformin,850 mg BD,2024-01-21
SVH026193,V042037,T. Dapagliflozin,10 mg OD,2024-01-21
SVH026193,V042037,T. Atorvastatin,10 mg HS,2024-01-21
SVH027094,V042040,Tab. Gliclazide MR,60 mg OD,2024-01-25
SVH026410,V042047,Syp Paracetamol,5 ml SOS (max QID),2024-02-13
SVH026410,V042047,Saline nasal drops,2 drops each nostril TDS,2024-02-13
SVH025339,V042049,Metformin,500 mg BD,2024-02-18
SVH025339,V042049,Sitagliptin,100 mg OD,2024-02-18
SVH025339,V042049,Telmisartan,40 mg OD,2024-02-18
SVH026153,V042052,Metformin,1 g BD,2024-02-19
SVH026153,V042052,Glimepiride,2 mg OD,2024-02-19
SVH026153,V042052,Insulin Glargine,14 U HS,2024-02-19
SVH026153,V042052,Telmisartan,40 mg OD,2024-02-19
SVH027161,V042055,Ketoconazole lotion,LA OD x 2 wks,2024-02-19
SVH026034,V042059,Amoxicillin-Clavulanate,625 mg BD x 5 days,2024-02-28
SVH027261,V042063,Tab. Metformin,850 mg BD,2024-03-02
SVH027261,V042063,Tab. Dapagliflozin,10 mg OD,2024-03-02
SVH027311,V042064,T. Ondansetron,4 mg SOS,2024-03-03
SVH024791,V042068,Levothyroxine,50 mcg OD empty stomach,2024-03-06
SVH027355,V042072,Metformin SR,1000 mg OD,2024-03-08
SVH027355,V042072,Glimepiride,1 mg OD,2024-03-08
SVH027355,V042072,Atorvastatin,10 mg HS,2024-03-08
SVH027376,V042075,Cetirizine,10 mg HS,2024-03-09
SVH027376,V042075,Mometasone cream,LA OD x 7 days,2024-03-09
SVH027348,V042078,T. Metformin,1 g BD,2024-03-11
SVH027348,V042078,T. Atorvastatin,10 mg HS,2024-03-11
SVH027348,V042078,T. Telmisartan,40 mg OD,2024-03-11
SVH027405,V042081,Metformin SR,1000 mg OD,2024-03-14
SVH027405,V042081,Glimepiride,1 mg OD,2024-03-14
SVH027431,V042082,T. Albendazole,400 mg stat,2024-03-14
SVH027431,V042082,T. Ferrous Ascorbate + Folic Acid,1 tab OD,2024-03-14
SVH027438,V042086,Tab. Mefenamic Acid,500 mg TDS SOS,2024-03-15
SVH027000,V042087,Amoxicillin-Clavulanate,625 mg BD x 5 days,2024-03-16
SVH027453,V042088,Paracetamol,650 mg TDS x 3 days,2024-03-20
SVH026960,V042092,Tab. Vildagliptin,50 mg BD,2024-03-23
SVH026256,V042095,T. Levocetirizine,5 mg HS x 5 days,2024-03-24
SVH024860,V042098,Tab. Metformin,1 g BD,2024-03-30
SVH024860,V042098,Tab. Atorvastatin,10 mg HS,2024-03-30
SVH027510,V042099,Tab. Metformin,500 mg BD,2024-03-31
SVH027485,V042110,Levocetirizine,5 mg HS,2024-04-12
SVH027526,V042114,Drotaverine,80 mg TDS x 3 days,2024-04-20
SVH025331,V042116,Tab. Metformin SR,1000 mg OD,2024-04-22
SVH025331,V042116,Tab. Glimepiride,1 mg OD,2024-04-22
SVH025790,V042117,T. Dapagliflozin,10 mg OD,2024-04-23
SVH025790,V042117,T. Gliclazide MR,30 mg OD,2024-04-23
SVH027547,V042118,Ondansetron,4 mg SOS,2024-04-23
SVH026237,V042126,Glimepiride,1 mg BD,2024-05-01
SVH026237,V042126,Voglibose,0.3 mg TDS,2024-05-01
SVH026237,V042126,Atorvastatin,10 mg HS,2024-05-01
SVH025668,V042134,T. Glimepiride,2 mg OD,2024-05-19
SVH026328,V042141,Cetirizine,10 mg HS,2024-05-29
SVH027741,V042156,T. Nitrofurantoin,100 mg BD x 5 days,2024-06-12
SVH027823,V042162,Syp Sucralfate,10 ml TDS,2024-06-20
SVH027832,V042168,Tab. Metformin,1 g BD,2024-06-25
SVH027832,V042168,Tab. Atorvastatin,10 mg HS,2024-06-25
SVH027863,V042169,Tab. Metformin,1 g BD,2024-06-26
SVH027863,V042169,Tab. Glimepiride,2 mg OD,2024-06-26
SVH027863,V042169,Inj. Insulin Glargine,14 U HS,2024-06-26
SVH027863,V042169,Tab. Atorvastatin,10 mg HS,2024-06-26
SVH026593,V042170,Paracetamol,650 mg TDS x 3 days,2024-06-27
SVH025376,V042171,TAB CLOPIDOGREL,75 mg OD,2024-07-01
SVH027902,V042174,Metformin,1 g BD,2024-07-02
SVH027966,V042175,Tab. Iron + Folic Acid,1 tab OD,2024-07-04
SVH027925,V042176,Tab. Metformin,500 mg BD,2024-07-06
SVH027925,V042176,Tab. Sitagliptin,100 mg OD,2024-07-06
SVH027925,V042176,Tab. Telmisartan,40 mg OD,2024-07-06
SVH027999,V042179,Tab. Metformin,1 g BD,2024-07-08
SVH027999,V042179,Tab. Glimepiride,2 mg OD,2024-07-08
SVH027999,V042179,Inj. Insulin Glargine,14 U HS,2024-07-08
SVH027999,V042179,Tab. Telmisartan,40 mg OD,2024-07-08
SVH028039,V042183,Paracetamol,650 mg TDS x 3 days,2024-07-11
SVH028068,V042185,Tab. Iron + Folic Acid,1 tab OD,2024-07-19
SVH028104,V042190,Tab. Etoricoxib,60 mg OD x 5 days,2024-07-21
SVH028189,V042202,Metformin,850 mg BD,2024-07-31
SVH028189,V042202,Dapagliflozin,10 mg OD,2024-07-31
SVH028189,V042202,Telmisartan,40 mg OD,2024-07-31
SVH025913,V042204,Fluticasone nasal spray,2 puffs each nostril OD,2024-08-10
SVH028218,V042205,Tab. Sitagliptin,100 mg OD,2024-08-11
SVH028218,V042205,Tab. Glimepiride,1 mg OD,2024-08-11
SVH028258,V042206,Insulin Degludec,12 U HS,2024-08-14
SVH028258,V042206,Insulin Lispro,5 U before meals,2024-08-14
SVH028271,V042211,T. Metformin,1 g BD,2024-08-16
SVH025339,V042215,Metformin,500 mg BD,2024-08-17
SVH025339,V042215,Sitagliptin,100 mg OD,2024-08-17
SVH025339,V042215,Atorvastatin,10 mg HS,2024-08-17
SVH028292,V042218,Paracetamol,650 mg SOS,2024-08-17
SVH028319,V042219,T. Metformin,500 mg BD,2024-08-18
SVH028319,V042219,T. Sitagliptin,100 mg OD,2024-08-18
SVH028319,V042219,T. Telmisartan,40 mg OD,2024-08-18
SVH028326,V042220,Tab. Iron + Folic Acid,1 tab OD,2024-08-23
SVH028346,V042223,T. Metformin,1 g BD,2024-08-25
SVH025191,V042224,Tab. Metformin SR,500 mg OD,2024-08-28
SVH025191,V042224,Tab. Folic Acid,5 mg OD,2024-08-28
SVH028360,V042226,T. Albendazole,400 mg stat,2024-08-31
SVH028360,V042226,T. Ferrous Ascorbate + Folic Acid,1 tab OD,2024-08-31
SVH028414,V042228,Tab. Metformin,500 mg BD,2024-09-02
SVH028414,V042228,Tab. Sitagliptin,100 mg OD,2024-09-02
SVH026465,V042231,Human Mixtard 30/70,18 U - 0 - 10 U,2024-09-05
SVH026465,V042231,Atorvastatin,10 mg HS,2024-09-05
SVH028452,V042235,Tab. Metformin,500 mg BD,2024-09-10
SVH028452,V042235,Tab. Sitagliptin,100 mg OD,2024-09-10
SVH028452,V042235,Tab. Atorvastatin,10 mg HS,2024-09-10
SVH028463,V042239,T. Metformin,500 mg BD,2024-09-13
SVH028463,V042239,T. Sitagliptin,100 mg OD,2024-09-13
SVH028477,V042242,Tab. Etoricoxib,60 mg OD x 5 days,2024-09-13
SVH027261,V042248,Tab. Metformin,850 mg BD,2024-09-17
SVH027261,V042248,Tab. Dapagliflozin,10 mg OD,2024-09-17
SVH026153,V042251,Metformin,1 g BD,2024-09-18
SVH026153,V042251,Glimepiride,2 mg OD,2024-09-18
SVH026153,V042251,Insulin Glargine,14 U HS,2024-09-18
SVH027966,V042260,Tab. Metformin,500 mg BD,2024-09-25
SVH025870,V042261,Insulin Degludec,12 U HS,2024-09-25
SVH025870,V042261,Insulin Lispro,5 U before meals,2024-09-25
SVH026769,V042262,TAB CLOPIDOGREL,75 mg OD,2024-09-26
SVH025313,V042263,Metformin,1 g BD,2024-09-29
SVH026535,V042266,T. Metformin SR,1000 mg OD,2024-10-01
SVH026535,V042266,T. Glimepiride,1 mg OD,2024-10-01
SVH026535,V042266,T. Telmisartan,40 mg OD,2024-10-01
SVH025280,V042268,Glimepiride,1 mg BD,2024-10-03
SVH025280,V042268,Voglibose,0.3 mg TDS,2024-10-03
SVH025280,V042268,Atorvastatin,10 mg HS,2024-10-03
SVH028388,V042269,Amoxicillin-Clavulanate,625 mg BD x 5 days,2024-10-03
SVH027113,V042270,Tab. Metformin,1 g BD,2024-10-04
SVH027113,V042270,Tab. Glimepiride,2 mg OD,2024-10-04
SVH027113,V042270,Inj. Insulin Glargine,14 U HS,2024-10-04
SVH028517,V042277,Permethrin 5% lotion,"apply overnight, repeat after 1 wk",2024-10-09
SVH025331,V042282,Tab. Metformin SR,1000 mg OD,2024-10-14
SVH025331,V042282,Tab. Glimepiride,1 mg OD,2024-10-14
SVH025223,V042283,Amoxicillin-Clavulanate,625 mg BD x 5 days,2024-10-16
SVH025223,V042283,Paracetamol,650 mg TDS x 3 days,2024-10-16
SVH027966,V042286,Tab. Metformin,500 mg BD,2024-10-25
SVH025751,V042287,Clobetasol oint,LA BD x 2 wks,2024-10-26
SVH028561,V042289,Tab. Aceclofenac,100 mg BD x 5 days,2024-10-28
SVH027082,V042290,Metformin SR,1000 mg OD,2024-10-29
SVH027082,V042290,Glimepiride,1 mg OD,2024-10-29
SVH027355,V042291,Metformin SR,1000 mg OD,2024-10-29
SVH027355,V042291,Glimepiride,1 mg OD,2024-10-29
SVH025668,V042294,Tab. Ibuprofen,400 mg TDS x 5 days,2024-10-29
SVH028582,V042295,Metformin,1 g BD,2024-10-31
SVH028582,V042295,Atorvastatin,10 mg HS,2024-10-31
SVH025948,V042296,T. Metformin,1 g BD,2024-11-03
SVH025063,V042298,Dapagliflozin,10 mg OD,2024-11-05
SVH025063,V042298,Gliclazide MR,30 mg OD,2024-11-05
SVH028667,V042307,TAB METOPROLOL,25 mg OD,2024-11-08
SVH026193,V042309,Diclofenac gel,LA TDS,2024-11-09
SVH025030,V042311,Metformin,1 g BD,2024-11-10
SVH027925,V042312,Tab. Metformin,500 mg BD,2024-11-12
SVH027925,V042312,Tab. Sitagliptin,100 mg OD,2024-11-12
SVH028326,V042315,Inj. Insulin Aspart,6 U before meals,2024-11-15
SVH028753,V042324,Metformin,850 mg BD,2024-11-20
SVH028753,V042324,Dapagliflozin,10 mg OD,2024-11-20
SVH028753,V042324,Telmisartan,40 mg OD,2024-11-20
SVH026167,V042327,Metformin,500 mg BD,2024-11-23
SVH026167,V042327,Sitagliptin,100 mg OD,2024-11-23
SVH026167,V042327,Atorvastatin,10 mg HS,2024-11-23
SVH028812,V042328,Permethrin 5% lotion,"apply overnight, repeat after 1 wk",2024-11-24
SVH028871,V042341,Mometasone cream,LA OD x 7 days,2024-11-30
SVH027832,V042345,Metformin,1 g BD,2024-12-03
SVH025331,V042346,Moxifloxacin eye drops,1 drop QID x 5 days,2024-12-03
SVH028876,V042351,Tab. Metformin,500 mg BD,2024-12-06
SVH028876,V042351,Tab. Folic Acid,5 mg OD,2024-12-06
SVH028894,V042358,T. Telmisartan,40 mg OD,2024-12-07
SVH028894,V042358,T. Amlodipine,5 mg OD,2024-12-07
SVH028910,V042363,Metformin,500 mg BD,2024-12-15
SVH026927,V042364,Gliclazide MR,60 mg OD,2024-12-16
SVH027355,V042368,Budesonide-Formoterol inhaler,2 puffs BD,2024-12-21
SVH025698,V042378,Metformin,1 g BD,2024-12-31
SVH027902,V042384,Metformin,1 g BD,2025-01-11
SVH028972,V042385,Metformin,500 mg BD,2025-01-11
SVH028972,V042385,Telmisartan,40 mg OD,2025-01-11
SVH029007,V042388,Metformin,500 mg BD,2025-01-14
SVH029007,V042388,Telmisartan,40 mg OD,2025-01-14
SVH029061,V042389,Sitagliptin,100 mg OD,2025-01-16
SVH029061,V042389,Glimepiride,1 mg OD,2025-01-16
SVH025191,V042392,Tab. Metformin SR,500 mg OD,2025-01-20
SVH026769,V042394,Chlorhexidine mouthwash,10 ml BD x 2 wks,2025-01-20
SVH029075,V042396,Fexofenadine,180 mg OD,2025-01-21
SVH029084,V042399,Tab. Metformin,500 mg BD,2025-01-23
SVH029084,V042399,Tab. Atorvastatin,10 mg HS,2025-01-23
SVH025855,V042402,Inj. Human Mixtard 30/70,18 U - 0 - 10 U,2025-01-29
SVH025855,V042402,Tab. Telmisartan,40 mg OD,2025-01-29
SVH029107,V042403,Inj. Human Mixtard 30/70,18 U - 0 - 10 U,2025-01-29
SVH029181,V042407,Tab. Vildagliptin,50 mg BD,2025-01-31
SVH029181,V042407,Tab. Telmisartan,40 mg OD,2025-01-31
SVH027003,V042414,T. Glimepiride + Metformin,2/500 mg BD,2025-02-05
SVH027003,V042414,T. Telmisartan,40 mg OD,2025-02-05
SVH029204,V042417,T. Metformin,850 mg BD,2025-02-07
SVH029204,V042417,T. Dapagliflozin,10 mg OD,2025-02-07
SVH029204,V042417,T. Atorvastatin,10 mg HS,2025-02-07
SVH029212,V042420,Cetirizine,10 mg HS,2025-02-09
SVH029212,V042420,Mometasone cream,LA OD x 7 days,2025-02-09
SVH029235,V042422,T. Metformin,1 g BD,2025-02-10
SVH029235,V042422,T. Atorvastatin,10 mg HS,2025-02-10
SVH028721,V042425,Levocetirizine,5 mg HS,2025-02-12
SVH028721,V042425,Fluticasone nasal spray,2 puffs each nostril OD,2025-02-12
SVH024714,V042433,Amoxicillin,500 mg TDS x 5 days,2025-02-20
SVH024714,V042433,Ibuprofen + Paracetamol,1 tab TDS x 3 days,2025-02-20
SVH024860,V042436,Tab. Aceclofenac,100 mg BD x 5 days,2025-02-21
SVH024860,V042436,Tab. Calcium + Vitamin D3,1 tab OD,2025-02-21
SVH025339,V042441,Metformin,500 mg BD,2025-02-25
SVH025339,V042441,Sitagliptin,100 mg OD,2025-02-25
SVH029350,V042443,T. Nitrofurantoin,100 mg BD x 5 days,2025-02-28
SVH029322,V042445,Metformin,1 g BD,2025-03-02
SVH029322,V042445,Glimepiride,2 mg OD,2025-03-02
SVH029322,V042445,Insulin Glargine,14 U HS,2025-03-02
SVH029364,V042447,Tab. Glimepiride + Metformin,2/500 mg BD,2025-03-03
SVH029364,V042447,Tab. Telmisartan,40 mg OD,2025-03-03
SVH029411,V042453,Tab. Ibuprofen,400 mg TDS x 5 days,2025-03-05
SVH029481,V042455,Syp Zinc,5 ml OD x 14 days,2025-03-07
SVH029490,V042463,Tab. Metformin,1 g BD,2025-03-09
SVH029490,V042463,Tab. Glimepiride,2 mg OD,2025-03-09
SVH029490,V042463,Inj. Insulin Glargine,14 U HS,2025-03-09
SVH026555,V042465,Syp Zinc,5 ml OD x 14 days,2025-03-11
SVH029497,V042466,Levocetirizine,5 mg HS,2025-03-13
SVH029497,V042466,Fluticasone nasal spray,2 puffs each nostril OD,2025-03-13
SVH028346,V042470,TAB ASPIRIN,75 mg OD,2025-03-15
SVH027453,V042474,Fexofenadine,180 mg OD,2025-03-19
SVH029528,V042477,Tab. Metformin,850 mg BD,2025-03-20
SVH029528,V042477,Tab. Dapagliflozin,10 mg OD,2025-03-20
SVH027207,V042485,Tab. Ibuprofen,400 mg TDS x 5 days,2025-03-27
SVH029490,V042487,Moxifloxacin eye drops,1 drop QID x 5 days,2025-03-29
SVH027113,V042488,Tab. Metformin,1 g BD,2025-03-29
SVH027113,V042488,Tab. Glimepiride,2 mg OD,2025-03-29
SVH027113,V042488,Inj. Insulin Glargine,14 U HS,2025-03-29
SVH027782,V042490,Tab. Glimepiride + Metformin,2/500 mg BD,2025-04-02
SVH026634,V042498,T. Albendazole,400 mg stat,2025-04-06
SVH028876,V042501,Tab. Metformin,500 mg BD,2025-04-08
SVH027261,V042506,Tab. Metformin,850 mg BD,2025-04-12
SVH027261,V042506,Tab. Dapagliflozin,10 mg OD,2025-04-12
SVH027261,V042506,Tab. Atorvastatin,10 mg HS,2025-04-12
SVH024950,V042508,Budesonide-Formoterol inhaler,2 puffs BD,2025-04-15
SVH024950,V042508,Montelukast,10 mg HS,2025-04-15
SVH029610,V042509,T. Metformin,850 mg BD,2025-04-16
SVH029610,V042509,T. Dapagliflozin,10 mg OD,2025-04-16
SVH029625,V042510,Tab. Metformin,850 mg BD,2025-04-17
SVH029625,V042510,Tab. Dapagliflozin,10 mg OD,2025-04-17
SVH028271,V042513,T. Metformin,1 g BD,2025-04-17
SVH029627,V042517,Tab. Mefenamic Acid,500 mg TDS SOS,2025-04-22
SVH024560,V042518,Levothyroxine,75 mcg OD empty stomach,2025-04-23
SVH024573,V042533,Ibuprofen + Paracetamol,1 tab TDS x 3 days,2025-05-09
SVH024573,V042533,Amoxicillin,500 mg TDS x 5 days,2025-05-09
SVH029693,V042534,Tab. Metformin,500 mg BD,2025-05-10
SVH025870,V042539,Insulin Degludec,12 U HS,2025-05-15
SVH025870,V042539,Insulin Lispro,5 U before meals,2025-05-15
SVH029751,V042544,Cholecalciferol,60000 IU once weekly x 8,2025-05-22
SVH029061,V042548,Sitagliptin,100 mg OD,2025-05-25
SVH029061,V042548,Glimepiride,1 mg OD,2025-05-25
SVH029061,V042548,Atorvastatin,10 mg HS,2025-05-25
SVH029759,V042549,T. Aceclofenac,100 mg BD x 5 days,2025-05-26
SVH025280,V042550,Glimepiride,1 mg BD,2025-05-27
SVH025280,V042550,Voglibose,0.3 mg TDS,2025-05-27
SVH025280,V042550,Atorvastatin,10 mg HS,2025-05-27
SVH028319,V042555,T. Metformin,500 mg BD,2025-05-31
SVH028319,V042555,T. Sitagliptin,100 mg OD,2025-05-31
SVH027405,V042557,Metformin SR,1000 mg OD,2025-06-02
SVH027405,V042557,Glimepiride,1 mg OD,2025-06-02
SVH027405,V042557,Atorvastatin,10 mg HS,2025-06-02
SVH029107,V042565,Inj. Human Mixtard 30/70,18 U - 0 - 10 U,2025-06-11
SVH025948,V042568,T. Metformin,1 g BD,2025-06-13
SVH025948,V042568,T. Atorvastatin,10 mg HS,2025-06-13
SVH029789,V042570,Levocetirizine,5 mg HS x 5 days,2025-06-15
SVH029767,V042571,Metformin,1 g BD,2025-06-16
SVH029767,V042571,Atorvastatin,10 mg HS,2025-06-16
SVH029767,V042571,Telmisartan,40 mg OD,2025-06-16
SVH026702,V042573,Metformin,1 g BD,2025-06-20
SVH029322,V042584,Metformin,1 g BD,2025-07-02
SVH029322,V042584,Glimepiride,2 mg OD,2025-07-02
SVH029322,V042584,Insulin Glargine,14 U HS,2025-07-02
SVH029826,V042587,Metformin,1 g BD,2025-07-03
SVH029826,V042587,Glimepiride,2 mg OD,2025-07-03
SVH029826,V042587,Insulin Glargine,14 U HS,2025-07-03
SVH025811,V042596,Metformin,850 mg BD,2025-07-09
SVH025811,V042596,Dapagliflozin,10 mg OD,2025-07-09
SVH025698,V042604,ORS sachet,after each loose stool,2025-07-10
SVH027438,V042607,Levocetirizine,5 mg HS,2025-07-11
SVH027438,V042607,Fluticasone nasal spray,2 puffs each nostril OD,2025-07-11
SVH029838,V042611,Insulin Glargine,10 U HS,2025-07-14
SVH029838,V042611,Insulin Aspart,4 U before meals,2025-07-14
SVH029840,V042614,Etoricoxib,90 mg OD x 5 days,2025-07-16
SVH027348,V042616,T. Metformin,1 g BD,2025-07-17
SVH027348,V042616,T. Atorvastatin,10 mg HS,2025-07-17
SVH027348,V042616,T. Telmisartan,40 mg OD,2025-07-17
SVH026702,V042620,Ibuprofen + Paracetamol,1 tab TDS x 3 days,2025-07-19
SVH026702,V042620,Amoxicillin,500 mg TDS x 5 days,2025-07-19
SVH028972,V042628,Metformin,500 mg BD,2025-07-23
SVH028972,V042628,Atorvastatin,10 mg HS,2025-07-23
SVH027791,V042629,Paracetamol,650 mg TDS x 3 days,2025-07-23
SVH029918,V042633,Tab. Vildagliptin,50 mg BD,2025-07-25
SVH025313,V042636,Metformin,1 g BD,2025-07-26
SVH027018,V042637,Fluticasone nasal spray,2 puffs each nostril OD,2025-07-28
SVH028910,V042641,Metformin,500 mg BD,2025-07-29
SVH029803,V042645,Amoxicillin-Clavulanate,625 mg BD x 5 days,2025-07-29
SVH029803,V042645,Paracetamol,650 mg TDS x 3 days,2025-07-29
SVH027094,V042647,Tab. Gliclazide MR,60 mg OD,2025-07-31
SVH028218,V042648,Sitagliptin,100 mg OD,2025-08-01
SVH028218,V042648,Glimepiride,1 mg OD,2025-08-01
SVH026507,V042660,Tab. Metformin,1 g BD,2025-08-04
SVH029950,V042664,Metformin SR,1000 mg OD,2025-08-06
SVH029950,V042664,Glimepiride,1 mg OD,2025-08-06
SVH029950,V042664,Telmisartan,40 mg OD,2025-08-06
SVH027082,V042665,Tab. Metformin SR,1000 mg OD,2025-08-08
SVH027082,V042665,Tab. Glimepiride,1 mg OD,2025-08-08
SVH027082,V042665,Tab. Atorvastatin,10 mg HS,2025-08-08
SVH028258,V042669,Insulin Degludec,12 U HS,2025-08-12
SVH028258,V042669,Insulin Lispro,5 U before meals,2025-08-12
SVH029789,V042672,Azithromycin,500 mg OD x 3 days,2025-08-15
SVH029789,V042672,Syp Ambroxol,10 ml TDS,2025-08-15
SVH029204,V042677,T. Metformin,850 mg BD,2025-08-18
SVH029204,V042677,T. Dapagliflozin,10 mg OD,2025-08-18
SVH030006,V042680,T. Metformin,500 mg BD,2025-08-19
SVH025934,V042686,Metformin SR,1000 mg OD,2025-08-21
SVH025934,V042686,Glimepiride,1 mg OD,2025-08-21
SVH028753,V042694,Metformin,850 mg BD,2025-09-01
SVH028753,V042694,Dapagliflozin,10 mg OD,2025-09-01
SVH028753,V042694,Telmisartan,40 mg OD,2025-09-01
SVH028452,V042698,T. Metformin,500 mg BD,2025-09-02
SVH028452,V042698,T. Sitagliptin,100 mg OD,2025-09-02
SVH028452,V042698,T. Atorvastatin,10 mg HS,2025-09-02
SVH028452,V042698,T. Telmisartan,40 mg OD,2025-09-02
SVH026662,V042711,Fexofenadine,180 mg OD,2025-09-10
SVH030091,V042715,Metformin,1 g BD,2025-09-14
SVH030091,V042715,Glimepiride,2 mg OD,2025-09-14
SVH030091,V042715,Insulin Glargine,14 U HS,2025-09-14
SVH025620,V042716,TAB CLOPIDOGREL,75 mg OD,2025-09-14
SVH025620,V042716,TAB ASPIRIN,75 mg OD,2025-09-14
SVH027526,V042717,Albendazole,400 mg stat,2025-09-15
SVH029235,V042723,T. Metformin,1 g BD,2025-09-22
SVH029235,V042723,T. Telmisartan,40 mg OD,2025-09-22
SVH028152,V042735,Drotaverine,80 mg TDS x 3 days,2025-10-02
SVH030138,V042736,T. Vildagliptin,50 mg BD,2025-10-02
SVH030138,V042736,T. Atorvastatin,10 mg HS,2025-10-02
SVH030138,V042736,T. Telmisartan,40 mg OD,2025-10-02
SVH027161,V042749,Betahistine,16 mg TDS x 7 days,2025-10-13
SVH030161,V042750,T. Metformin SR,1000 mg OD,2025-10-14
SVH030161,V042750,T. Glimepiride,1 mg OD,2025-10-14
SVH030161,V042750,T. Atorvastatin,10 mg HS,2025-10-14
SVH030161,V042750,T. Telmisartan,40 mg OD,2025-10-14
SVH028965,V042770,Cetirizine,10 mg HS,2025-11-01
SVH030047,V042772,Saline nasal drops,2 drops each nostril TDS,2025-11-01
SVH030047,V042772,Syp Paracetamol,5 ml SOS (max QID),2025-11-01
SVH026702,V042774,Metformin,1 g BD,2025-11-04
SVH026702,V042774,Atorvastatin,10 mg HS,2025-11-04
SVH030191,V042777,Metformin,500 mg BD,2025-11-06
SVH030191,V042777,Sitagliptin,100 mg OD,2025-11-06
SVH030226,V042778,Glimepiride,2 mg OD,2025-11-06
SVH029693,V042779,Tab. Metformin,500 mg BD,2025-11-07
SVH030236,V042784,T. Vildagliptin,50 mg BD,2025-11-09
SVH030269,V042785,T. Nitrofurantoin,100 mg BD x 5 days,2025-11-09
SVH029950,V042788,Luliconazole cream,LA OD x 4 wks,2025-11-12
SVH030293,V042792,Ferrous Ascorbate + Folic Acid,1 tab OD,2025-11-14
SVH027003,V042797,T. Glimepiride + Metformin,2/500 mg BD,2025-11-17
SVH027003,V042797,T. Atorvastatin,10 mg HS,2025-11-17
SVH030309,V042798,Sitagliptin,100 mg OD,2025-11-17
SVH030309,V042798,Glimepiride,1 mg OD,2025-11-17
SVH025528,V042804,Paracetamol,650 mg TDS x 3 days,2025-11-21
SVH030325,V042807,Tab. Calcium + Vitamin D3,1 tab OD,2025-11-21
SVH029838,V042809,Insulin Glargine,10 U HS,2025-11-22
SVH029838,V042809,Insulin Aspart,4 U before meals,2025-11-22
SVH026153,V042812,Metformin,1 g BD,2025-11-26
SVH026153,V042812,Glimepiride,2 mg OD,2025-11-26
SVH026153,V042812,Insulin Glargine,14 U HS,2025-11-26
SVH030327,V042813,Metformin,850 mg BD,2025-11-27
SVH030327,V042813,Dapagliflozin,10 mg OD,2025-11-27
SVH030347,V042816,Tab. Metformin,500 mg BD,2025-11-27
SVH030347,V042816,Tab. Telmisartan,40 mg OD,2025-11-27
SVH026669,V042820,Levothyroxine,75 mcg OD empty stomach,2025-11-27
SVH025881,V042821,Glimepiride + Metformin,2/500 mg BD,2025-11-28
SVH025881,V042821,Telmisartan,40 mg OD,2025-11-28
SVH029490,V042830,Metformin,1 g BD,2025-12-04
SVH029490,V042830,Glimepiride,2 mg OD,2025-12-04
SVH029490,V042830,Insulin Glargine,14 U HS,2025-12-04
SVH029490,V042830,Atorvastatin,10 mg HS,2025-12-04
SVH029490,V042830,Telmisartan,40 mg OD,2025-12-04
SVH029411,V042834,Pantoprazole,40 mg OD x 5 days,2025-12-05
SVH030371,V042835,Salbutamol inhaler,2 puffs SOS with spacer,2025-12-06
SVH028258,V042842,Insulin Degludec,12 U HS,2025-12-09
SVH028258,V042842,Insulin Lispro,5 U before meals,2025-12-09
SVH030462,V042845,Tab. Metformin,500 mg BD,2025-12-10
SVH028778,V042847,Nitrofurantoin,100 mg BD x 5 days,2025-12-12
SVH029528,V042852,Tab. Metformin,850 mg BD,2025-12-13
SVH029528,V042852,Tab. Dapagliflozin,10 mg OD,2025-12-13
SVH025870,V042853,Insulin Degludec,12 U HS,2025-12-16
SVH025870,V042853,Insulin Lispro,5 U before meals,2025-12-16
SVH030464,V042857,Chlorhexidine mouthwash,10 ml BD x 2 wks,2025-12-17
SVH030487,V042874,Tab. Metformin,850 mg BD,2025-12-25
SVH030487,V042874,Tab. Dapagliflozin,10 mg OD,2025-12-25
SVH030487,V042874,Tab. Telmisartan,40 mg OD,2025-12-25
SVH030489,V042879,Diclofenac gel,LA TDS,2025-12-27
SVH029181,V042891,Tab. Vildagliptin,50 mg BD,2026-01-02
SVH029007,V042905,Moxifloxacin eye drops,1 drop QID x 5 days,2026-01-17
SVH026093,V042913,Mometasone cream,LA OD x 7 days,2026-01-22
SVH030327,V042917,Paracetamol,650 mg TDS x 3 days,2026-01-24
SVH025668,V042918,Amoxicillin-Clavulanate,625 mg BD x 5 days,2026-01-24
SVH029826,V042922,Metformin,1 g BD,2026-01-27
SVH029826,V042922,Glimepiride,2 mg OD,2026-01-27
SVH029826,V042922,Insulin Glargine,14 U HS,2026-01-27
SVH029826,V042922,Telmisartan,40 mg OD,2026-01-27
SVH025934,V042935,Tab. Aceclofenac,100 mg BD x 5 days,2026-02-03
SVH029268,V042939,Tab. Aceclofenac,100 mg BD x 5 days,2026-02-06
SVH029528,V042942,Ketoconazole lotion,LA OD x 2 wks,2026-02-07
SVH025855,V042943,Amlodipine,5 mg OD,2026-02-08
SVH026507,V042951,T. Metformin,1 g BD,2026-02-10
SVH026507,V042951,T. Atorvastatin,10 mg HS,2026-02-10
SVH027094,V042953,Tab. Gliclazide MR,60 mg OD,2026-02-11
SVH027094,V042953,Tab. Telmisartan,40 mg OD,2026-02-11
SVH025454,V042959,Tab. Ibuprofen,400 mg TDS x 5 days,2026-02-12
SVH029350,V042963,T. Levothyroxine,75 mcg OD empty stomach,2026-02-15
SVH029204,V042964,Metformin,850 mg BD,2026-02-16
SVH029204,V042964,Dapagliflozin,10 mg OD,2026-02-16
SVH030514,V042969,T. Telmisartan,40 mg OD,2026-02-23
SVH030514,V042969,T. Amlodipine,5 mg OD,2026-02-23
SVH026057,V042970,Diclofenac gel,LA TDS,2026-02-23
SVH026057,V042970,Tab. Aceclofenac,100 mg BD x 5 days,2026-02-23
SVH030550,V042983,Permethrin 5% lotion,"apply overnight, repeat after 1 wk",2026-03-10
SVH030161,V042987,Luliconazole cream,LA OD x 4 wks,2026-03-13
SVH030161,V042987,Itraconazole,100 mg BD x 14 days,2026-03-13
SVH030487,V042990,Syp Ambroxol,10 ml TDS,2026-03-14
SVH025376,V042993,Ibuprofen + Paracetamol,1 tab TDS x 3 days,2026-03-18
SVH025376,V042993,Amoxicillin,500 mg TDS x 5 days,2026-03-18
SVH029838,V042994,Insulin Glargine,10 U HS,2026-03-21
SVH029838,V042994,Insulin Aspart,4 U before meals,2026-03-21
SVH027438,V043002,Chlorhexidine mouthwash,gargle BD,2026-03-24
SVH030554,V043005,Tab. Metformin,500 mg BD,2026-03-26
SVH030161,V043006,T. Metformin SR,1000 mg OD,2026-03-29
SVH030161,V043006,T. Glimepiride,1 mg OD,2026-03-29
SVH027690,V043009,T. Albendazole,400 mg stat,2026-04-14
SVH029767,V043010,Metformin,1 g BD,2026-04-16
SVH029235,V043019,T. Metformin,1 g BD,2026-04-23
SVH029235,V043019,T. Atorvastatin,10 mg HS,2026-04-23
SVH030347,V043026,Tab. Metformin,500 mg BD,2026-04-25
SVH029625,V043027,Tab. Metformin,850 mg BD,2026-04-28
SVH029625,V043027,Tab. Dapagliflozin,10 mg OD,2026-04-28
SVH030189,V043031,Chlorhexidine mouthwash,10 ml BD x 2 wks,2026-05-04
SVH026057,V043036,Prednisolone,30 mg OD x 5 days,2026-05-15
SVH026057,V043036,Budesonide-Formoterol inhaler,2 puffs BD,2026-05-15
SVH027741,V043043,Pantoprazole,40 mg OD x 5 days,2026-05-25
SVH029481,V043054,Saline nasal drops,2 drops each nostril TDS,2026-06-07
SVH029481,V043054,Syp Paracetamol,5 ml SOS (max QID),2026-06-07
SVH029287,V043057,Albendazole,400 mg stat,2026-06-09
SVH028778,V043075,Fluticasone nasal spray,2 puffs each nostril OD,2026-06-26
SVH025096,V043081,Prednisolone,30 mg OD x 5 days,2026-06-30
SVH025096,V043081,Budesonide-Formoterol inhaler,2 puffs BD,2026-06-30
SVH029084,V043082,Tab. Thiocolchicoside,4 mg BD,2026-07-03
SVH030711,V043084,Adapalene gel,LA HS,2026-07-10
SVH030711,V043084,Doxycycline,100 mg OD x 4 wks,2026-07-10
SVH026467,V043089,Amoxicillin,500 mg TDS x 5 days,2026-07-10
SVH030115,V043094,Syp Iron,5 ml OD,2026-07-14
SVH030191,V043095,Tab. Metformin,500 mg BD,2026-07-15
SVH030191,V043095,Tab. Sitagliptin,100 mg OD,2026-07-15
SVH026854,V043102,Chlorhexidine mouthwash,10 ml BD x 2 wks,2026-07-17
SVH029061,V043103,Sitagliptin,100 mg OD,2026-07-21
SVH029061,V043103,Glimepiride,1 mg OD,2026-07-21
SVH029061,V043103,Telmisartan,40 mg OD,2026-07-21
SVH028218,V043104,Tab. Sitagliptin,100 mg OD,2026-07-23
SVH028218,V043104,Tab. Glimepiride,1 mg OD,2026-07-23
SVH028218,V043104,Tab. Atorvastatin,10 mg HS,2026-07-23
SVH029610,V043106,Tab. Metformin,850 mg BD,2026-07-23
SVH029610,V043106,Tab. Dapagliflozin,10 mg OD,2026-07-23
SVH029826,V043116,T. Metformin,1 g BD,2026-07-31
SVH029826,V043116,T. Glimepiride,2 mg OD,2026-07-31
SVH029826,V043116,Inj. Insulin Glargine,14 U HS,2026-07-31
SVH029918,V043118,Tab. Vildagliptin,50 mg BD,2026-07-31
SVH028477,V043122,Ciprofloxacin ear drops,3 drops TDS,2026-08-01
SVH029084,V043123,Tab. Metformin,500 mg BD,2026-08-02
SVH026193,V043125,Chlorhexidine mouthwash,10 ml BD x 2 wks,2026-08-04
SVH025668,V043133,T. Glimepiride,2 mg OD,2026-08-08
SVH025668,V043133,T. Telmisartan,40 mg OD,2026-08-08
SVH025881,V043134,Glimepiride + Metformin,2/500 mg BD,2026-08-10
SVH030483,V043141,Diclofenac gel,LA TDS,2026-08-12
SVH030483,V043141,Tab. Aceclofenac,100 mg BD x 5 days,2026-08-12
SVH030091,V043144,Metformin,1 g BD,2026-08-15
SVH030091,V043144,Glimepiride,2 mg OD,2026-08-15
SVH030091,V043144,Insulin Glargine,14 U HS,2026-08-15
SVH030091,V043144,Telmisartan,40 mg OD,2026-08-15
SVH025280,V043149,Tab. Glimepiride,1 mg BD,2026-08-15
SVH025280,V043149,Tab. Voglibose,0.3 mg TDS,2026-08-15
SVH027161,V043153,Amlodipine,5 mg OD,2026-08-18
SVH026702,V043158,Metformin,1 g BD,2026-08-21
SVH026702,V043158,Telmisartan,40 mg OD,2026-08-21
SVH027925,V043162,Tab. Aceclofenac + Paracetamol,1 tab BD x 5 days,2026-08-26
SVH030309,V043163,Sitagliptin,100 mg OD,2026-08-27
SVH030309,V043163,Glimepiride,1 mg OD,2026-08-27
SVH030309,V043163,Atorvastatin,10 mg HS,2026-08-27
SVH029830,V043171,Cetirizine,10 mg HS,2026-08-28
SVH029830,V043171,Mometasone cream,LA OD x 7 days,2026-08-28
SVH025157,V043179,Tab. Thiocolchicoside,4 mg BD,2026-09-03
SVH030487,V043180,Tab. Metformin,850 mg BD,2026-09-03
SVH030487,V043180,Tab. Dapagliflozin,10 mg OD,2026-09-03
SVH030487,V043180,Tab. Atorvastatin,10 mg HS,2026-09-03
SVH030226,V043183,Glimepiride,2 mg OD,2026-09-04
SVH030226,V043183,Atorvastatin,10 mg HS,2026-09-04
SVH027113,V043184,Tab. Metformin,1 g BD,2026-09-04
SVH027113,V043184,Tab. Glimepiride,2 mg OD,2026-09-04
SVH027113,V043184,Inj. Insulin Glargine,14 U HS,2026-09-04
SVH030554,V043185,Tab. Metformin,500 mg BD,2026-09-05
SVH028910,V043186,Diclofenac gel,LA TDS,2026-09-05
SVH027261,V043189,Permethrin 5% lotion,"apply overnight, repeat after 1 wk",2026-09-09
SVH028189,V043190,T. Metformin,850 mg BD,2026-09-09
SVH028189,V043190,T. Dapagliflozin,10 mg OD,2026-09-09
SVH030783,V043199,Budesonide-Formoterol inhaler,2 puffs BD,2026-09-14
SVH030828,V043207,Amoxicillin,500 mg TDS x 5 days,2026-09-19
SVH027161,V043214,Paracetamol,650 mg TDS x 3 days,2026-09-23
SVH030869,V043230,Levocetirizine,5 mg HS,2026-09-29
SVH030869,V043230,Fluticasone nasal spray,2 puffs each nostril OD,2026-09-29
